"Laptop Asus Vivobook A415EA-EB556T i3-1115G4/8GB/512GB SSD/14""FHD/14""FHD/Win 10 (No.00738649)",16.199.000₫,,"14.0"", 1920 x 1080 Pixel, IPS, 60 Hz, 250 nits, Anti-glare LED-backlit
Intel Core i3-1115G4
8 GB, DDR4, 3200 MHz
SSD 512 GB
Intel UHD Graphics","Tặng PMH 200.000đ mua máy in Brother
Giảm đến 300.000đ khi mua bảo hành (rơi vỡ + vào nước) kèm máy Xem chi tiết
Tặng PMH 100.000đ mua Microsoft 365 Personal/Family/Home & Student khi mua Online đến 30/09","1 đánh giá
|
517 Hỏi & đáp"
Laptop HP 15s-fq2558TU i7 1165G7/8GB/512GB/15.6''HD/Win 10 (No.00757502),18.999.000₫,,"15.6"", 1920 x 1080 Pixel, IPS, 250 nits, BrightView Micro-edge WLED-backlit
Intel Core i7-1165G7
8 GB, DDR4, 3200 MHz
SSD 512 GB
Intel Iris Xe Graphics","Tặng PMH 200.000đ mua máy in Brother
Giảm đến 300.000đ khi mua bảo hành (rơi vỡ + vào nước) kèm máy Xem chi tiết
Tặng PMH 100.000đ mua Microsoft 365 Personal/Family/Home & Student khi mua Online đến 30/09","1 đánh giá
|
189 Hỏi & đáp"
"Laptop Dell Vostro V3400 i7 1165G7/8GB/512GB/14""FHD/VGA MX330 2GB/Win 10 (No.00741402)",24.499.000₫,,"14.0"", 1920 x 1080 Pixel, WVA, 60 Hz, 250 nits, Anti-glare LED-backlit
Intel Core i7-1165G7
8 GB, DDR4
SSD 512 GB
NVIDIA® GeForce® MX330 2GB","Tặng PMH 200.000đ mua máy in Brother
Giảm đến 300.000đ khi mua bảo hành (rơi vỡ + vào nước) kèm máy Xem chi tiết
Tặng PMH 100.000đ mua Microsoft 365 Personal/Family/Home & Student khi mua Online đến 30/09","1 đánh giá
|
70 Hỏi & đáp"
"Laptop MSI Modern 14 B5M R5 5500U/8GB/512GB/14""FHD/Win 10 (No.00764757)",17.299.000₫,,"14.0"", 1920 x 1080 Pixel, IPS, 60 Hz, 250 nits, LED Backlit
AMD Ryzen 5-5500U
8 GB, DDR4, 3200 MHz
SSD 512 GB
AMD Radeon Graphics","Tặng PMH 200.000đ mua máy in Brother
Giảm đến 300.000đ khi mua bảo hành (rơi vỡ + vào nước) kèm máy Xem chi tiết
Tặng PMH 100.000đ mua Microsoft 365 Personal/Family/Home & Student khi mua Online đến 30/09
Microsoft Office tặng PMH 300.000đ khi mua kèm Laptop Chip AMD","1 đánh giá
|
837 Hỏi & đáp"
"Laptop Dell Gaming G5 5500 i7 10750H/16GB/512GB/RTX 2070 8GB/15""6FHD/Win 10 (No.00768693)",37.999.000₫,,"15.6"", 1920 x 1080 Pixel, WVA, 120 Hz, 220 nits, WVA Anti-glare LED Backlit Narrow Border
Intel Core i7-10750H
16 GB, DDR4, 2933 MHz
SSD 512 GB
NVIDIA GeForce RTX 2070 8GB GDDR6","Tặng PMH 200.000đ mua máy in Brother
Giảm đến 300.000đ khi mua bảo hành (rơi vỡ + vào nước) kèm máy Xem chi tiết
Tặng PMH 100.000đ mua Microsoft 365 Personal/Family/Home & Student khi mua Online đến 30/09","1 đánh giá
|
0 Hỏi & đáp"
Laptop Asus Vivobook M513IA-EJ735T R3 4300U/8GB/256GB SSD/Win10 (No.00772280),15.390.000₫,,"15.6"", 1920 x 1080 Pixel, TN, 60 Hz, 200 nits, LED-backlit
AMD Ryzen 3-4300U
8 GB, DDR4
SSD 256 GB
AMD Radeon Graphics","Tặng PMH 200.000đ mua máy in Brother
Giảm đến 300.000đ khi mua bảo hành (rơi vỡ + vào nước) kèm máy Xem chi tiết
Tặng PMH 100.000đ mua Microsoft 365 Personal/Family/Home & Student khi mua Online đến 30/09
Microsoft Office tặng PMH 300.000đ khi mua kèm Laptop Chip AMD","1 đánh giá
|
90 Hỏi & đáp"
"Laptop Dell Inspiron N7306A i7 1165G7/16GB/512GB/13.3""UHD Touch/Win 10 (No.00765681)",32.999.000₫,,"13.3"", 3840 x 2160 Pixel, WVA, 60 Hz, 300 nits, Wide-Viewing Angle (WVA)
Intel Core i7-1165G7
16 GB, LPDDR4X, 4267 MHz
SSD 512 GB
Intel Iris Xe Graphics","Tặng PMH 200.000đ mua máy in Brother
Giảm đến 300.000đ khi mua bảo hành (rơi vỡ + vào nước) kèm máy Xem chi tiết
Tặng PMH 100.000đ mua Microsoft 365 Personal/Family/Home & Student khi mua Online đến 30/09","1 đánh giá
|
51 Hỏi & đáp"
"Laptop Lenovo ThinkBook 14 G3 ACL R5 5500U/8GB/512GB/14""FHD/Win 10 (No.00772299)",18.699.000₫,,"14.0"", 1920 x 1080 Pixel, IPS, 60 Hz, 300 nits, IPS LCD LED Backlit, True Tone
AMD Ryzen 5-5500U
8 GB, DDR4, 3200 MHz
SSD 512 GB
AMD Radeon Graphics","Tặng PMH 200.000đ mua máy in Brother
Giảm đến 300.000đ khi mua bảo hành (rơi vỡ + vào nước) kèm máy Xem chi tiết
Tặng PMH 100.000đ mua Microsoft 365 Personal/Family/Home & Student khi mua Online đến 30/09
Microsoft Office tặng PMH 300.000đ khi mua kèm Laptop Chip AMD","1 đánh giá
|
114 Hỏi & đáp"
"Laptop MSI Gaming GF63 Thin 10SC-481VN i7 10750H/8GB/512GB/15.6""FHD/GTX 1650_4Gb/Win 10 (No.00770717)",22.999.000₫,,"15.6"", 1920 x 1080 Pixel, IPS, 144 Hz, IPS LCD
Intel Core i7-10750H
8 GB, DDR4, 3200 MHz
SSD 512 GB
GeForce GTX 1650 4GB","Tặng PMH 200.000đ mua máy in Brother
Giảm đến 300.000đ khi mua bảo hành (rơi vỡ + vào nước) kèm máy Xem chi tiết
Tặng PMH 100.000đ mua Microsoft 365 Personal/Family/Home & Student khi mua Online đến 30/09","1 đánh giá
|
0 Hỏi & đáp"
U,n,k,n,o,w,n
Laptop MSI Pulse GL66 11UDK 255VN i7 11800H/16GB/512GB/RTX3050 Ti 4GB/Win 10 (No.00764929),33.999.000₫,,"15.6"", 1920 x 1080 Pixel, IPS, 144 Hz
Intel Core i7-11800H
16 GB, DDR4, 3200 MHz
SSD 512 GB
NVIDIA® GeForce® RTX 3050 Ti 4GB","Tặng PMH 200.000đ mua máy in Brother
Giảm đến 300.000đ khi mua bảo hành (rơi vỡ + vào nước) kèm máy Xem chi tiết
Tặng PMH 100.000đ mua Microsoft 365 Personal/Family/Home & Student khi mua Online đến 30/09","1 đánh giá
|
25 Hỏi & đáp"
"Laptop Dell Gaming G3 15 3500 i7 10750H/16GB/1TB HDD + 256GB SSD/15.6""FHD/VGA 1650Ti 4GB/Win 10 (No.00761226)",27.999.000₫,,"15.6"", 1920 x 1080 Pixel, WVA, 120 Hz, 250 nits, WVA Anti-glare LED Backlit Narrow Border
Intel Core i7-10750H
16 GB, DDR4, 2933 MHz
HDD 1000 GB & SSD 256 GB
GeForce GTX 1650Ti 4GB","Tặng PMH 200.000đ mua máy in Brother
Giảm đến 300.000đ khi mua bảo hành (rơi vỡ + vào nước) kèm máy Xem chi tiết
Tặng PMH 100.000đ mua Microsoft 365 Personal/Family/Home & Student khi mua Online đến 30/09","1 đánh giá
|
0 Hỏi & đáp"
U,n,k,n,o,w,n
Laptop Asus VivoBook A515EA BQ489T i3 1115G4/4GB/512GB SSD/Win10 (No.00762454),15.599.000₫,,"15.6"", 1920 x 1080 Pixel, IPS, 250 nits, LED Backlit
Intel Core i3-1115G4
4 GB, DDR4, 3200 MHz
SSD 512 GB
Intel UHD Graphics","Tặng PMH 200.000đ mua máy in Brother
Giảm đến 300.000đ khi mua bảo hành (rơi vỡ + vào nước) kèm máy Xem chi tiết
Tặng PMH 100.000đ mua Microsoft 365 Personal/Family/Home & Student khi mua Online đến 30/09","1 đánh giá
|
297 Hỏi & đáp"
"MacBook Pro 13"" 2020 Touch Bar M1 16GB/256GB (No.00731803)",39.999.000₫,"256GB
39.999.000₫
512GB
42.999.000₫","13.3"", 2560 x 1600 Pixel, IPS, IPS LCD LED Backlit, True Tone
Apple M1
16 GB, LPDDR4
SSD 256 GB
Apple M1","Tặng gói iCloud 50GB miễn phí 3 tháng Xem chi tiết
Mua kèm Apple Care tăng thêm 2 năm bảo hành chính hãng Xem chi tiết
Giảm đến 300.000đ khi mua bảo hành (rơi vỡ + vào nước) kèm máy Xem chi tiết
Tặng PMH 100.000đ mua Microsoft 365 Personal/Family/Home & Student khi mua Online đến 30/09
Giảm ngay 10% Magic Mouse 2 khi mua kèm MacBook
Tặng Balo sành điệu","3 đánh giá
|
0 Hỏi & đáp"
MSI GF63 9SCSR-1057VN i5 9300H/8GB/512GB SSD/Nvidia GTX1650Ti_4GB/Win10 (No.00711465),21.829.000₫,,"15.6"", 1920 x 1080 Pixel, IPS, 144 Hz, 300 nits, IPS LCD LED Backlit, True Tone
Intel Core i5-9300H
8 GB, DDR4, 2666 MHz
SSD 512 GB
GeForce GTX 1650 Ti 4GB","Tặng PMH 200.000đ mua máy in Brother
Giảm đến 300.000đ khi mua bảo hành (rơi vỡ + vào nước) kèm máy Xem chi tiết
Tặng PMH 100.000đ mua Microsoft 365 Personal/Family/Home & Student khi mua Online đến 30/09
Tặng Balo Gaming MSI","1 đánh giá
|
0 Hỏi & đáp"
"Laptop MSI Katana GF76 11UC 096VN i7 11800H/8GB/512GB/17.3""FHD/RTX3050 4Gb/Win 10 (No.00760885)",29.999.000₫,,"17.3"", 1920 x 1080 Pixel, IPS, 144 Hz
Intel Core i7-11800H
8 GB, DDR4, 3200 MHz
SSD 512 GB
NVIDIA® GeForce® RTX3050 4GB","Tặng PMH 200.000đ mua máy in Brother
Giảm đến 300.000đ khi mua bảo hành (rơi vỡ + vào nước) kèm máy Xem chi tiết
Tặng PMH 100.000đ mua Microsoft 365 Personal/Family/Home & Student khi mua Online đến 30/09","1 đánh giá
|
0 Hỏi & đáp"
"Laptop HP Pavilion 14 dv0534TU i7 1165G7/8G/512G SSD/Iris Xe Graphics/14""FHD/Win 10 (No.00771118)",22.499.000₫,,"14.0"", 1920 x 1080 Pixel, IPS, 60 Hz, 250 nits, LED Backlit
Intel Core i7-1165G7
8 GB, DDR4, 3200 MHz
SSD 512 GB
Intel Iris Xe Graphics","Tặng PMH 200.000đ mua máy in Brother
Giảm đến 300.000đ khi mua bảo hành (rơi vỡ + vào nước) kèm máy Xem chi tiết
Tặng PMH 100.000đ mua Microsoft 365 Personal/Family/Home & Student khi mua Online đến 30/09","1 đánh giá
|
0 Hỏi & đáp"
Laptop Asus Vivobook A515EA-BN1360T i3 1115G4/8GB/256GB SSD/Win10 (No.00772469),16.199.000₫,,"15.6"", 1920 x 1080 Pixel, IPS, 60 Hz, 300 nits, FHD
Intel Core i3-1115G4
8 GB, DDR4, 3200 MHz
SSD 256 GB
Intel UHD Graphics","Tặng PMH 200.000đ mua máy in Brother
Giảm đến 300.000đ khi mua bảo hành (rơi vỡ + vào nước) kèm máy Xem chi tiết
Tặng PMH 100.000đ mua Microsoft 365 Personal/Family/Home & Student khi mua Online đến 30/09","1 đánh giá
|
0 Hỏi & đáp"
U,n,k,n,o,w,n
Laptop Lenovo Gaming Legion 5 15ACH6 R5 5600H/8GB/512GB/15.6”FHD/RTX 3050 4GB/Win 10 (No.00770874),28.999.000₫,,"15.6"", 1920 x 1080 Pixel, IPS, 165 Hz, 300 nits, IPS LCD LED Backlit, True Tone
AMD Ryzen 5-5600H
8 GB, DDR4, 3200 MHz
NVIDIA GeForce RTX 3050 4GB","Tặng PMH 200.000đ mua máy in Brother
Giảm đến 300.000đ khi mua bảo hành (rơi vỡ + vào nước) kèm máy Xem chi tiết
Tặng PMH 100.000đ mua Microsoft 365 Personal/Family/Home & Student khi mua Online đến 30/09
Microsoft Office tặng PMH 300.000đ khi mua kèm Laptop Chip AMD","1 đánh giá
|
0 Hỏi & đáp"
"Laptop Dell Gaming G3 15 i7 10750H/16GB/512GB/15.6""FHD/NV GTX1660Ti 6GB/Win 10 (No.00767204)",31.999.000₫,,"15.6"", 1920 x 1080 Pixel, WVA, 120 Hz, 250 nits, WVA Anti-glare LED Backlit Narrow Border
Intel Core i7-10750H
16 GB, DDR4, 2933 MHz
SSD 512 GB
NVIDIA® GeForce® GTX 1660Ti 6GB","Tặng PMH 200.000đ mua máy in Brother
Giảm đến 300.000đ khi mua bảo hành (rơi vỡ + vào nước) kèm máy Xem chi tiết
Tặng PMH 100.000đ mua Microsoft 365 Personal/Family/Home & Student khi mua Online đến 30/09","1 đánh giá
|
0 Hỏi & đáp"
U,n,k,n,o,w,n
Laptop Asus Gaming Strix G513QC HN015T/R7 5800H/ 8GB/512GB SSD/RTX 3050 4GB/Win10 (No.00760745),28.999.000₫,,"15.6"", 1920 x 1080 Pixel, IPS, 144 Hz, 250 nits, Anti-glare LED-backlit
AMD Ryzen 7-5800H
8 GB, DDR4, 3200 MHz
SSD 512 GB
GeForce RTX 3050 4GB","Tặng PMH 200.000đ mua máy in Brother
Giảm đến 300.000đ khi mua bảo hành (rơi vỡ + vào nước) kèm máy Xem chi tiết
Tặng PMH 100.000đ mua Microsoft 365 Personal/Family/Home & Student khi mua Online đến 30/09
Microsoft Office tặng PMH 300.000đ khi mua kèm Laptop Chip AMD","1 đánh giá
|
0 Hỏi & đáp"
U,n,k,n,o,w,n
Laptop MSI Gaming GF65 10UE 286VN i5 10500H/16GB/512GB/15.6FHD/RTX 3060 Max-Q 6Gb/Win 10 (No.00752176),29.199.000₫,,"15.6"", 1920 x 1080 Pixel, IPS, 144 Hz
Intel Core i5-10500H
16 GB, DDR4, 3200 MHz
SSD 512 GB
NVIDIA GeForce RTX 3060 Max- Q 6GB","Tặng PMH 200.000đ mua máy in Brother
Giảm đến 300.000đ khi mua bảo hành (rơi vỡ + vào nước) kèm máy Xem chi tiết
Tặng PMH 100.000đ mua Microsoft 365 Personal/Family/Home & Student khi mua Online đến 30/09
Tặng Balo Gaming MSI","2 đánh giá
|
126 Hỏi & đáp"
U,n,k,n,o,w,n
"Laptop HP Pavilion 15 eg0540TU i5 1135G7/8GB/256GB/15.6""FHD/Win 10 (No.00768697)",17.999.000₫,,"15.6"", 1920 x 1080 Pixel, IPS, 60 Hz, 250 nits
Intel Core i5-1135G7
8 GB, DDR4, 3200 MHz
SSD 256 GB
Intel Iris Xe Graphics","Tặng PMH 200.000đ mua máy in Brother
Giảm đến 300.000đ khi mua bảo hành (rơi vỡ + vào nước) kèm máy Xem chi tiết
Tặng PMH 100.000đ mua Microsoft 365 Personal/Family/Home & Student khi mua Online đến 30/09","2 đánh giá
|
550 Hỏi & đáp"
U,n,k,n,o,w,n
Laptop Acer Nitro Gaming AN515 57 51G6 i5 11400H/8GB/512GB SSD/RTX 3050 4GB/Win10 (No.00762458),25.999.000₫,,"15.6"", 1920 x 1080 Pixel, IPS, 144 Hz, Acer ComfyView LED-backlit
Intel Core i5-11400H
8 GB, DDR4, 3200 MHz
SSD 512 GB
NVIDIA GeForce RTX3050 4GB","Tặng PMH 200.000đ mua máy in Brother
Giảm đến 300.000đ khi mua bảo hành (rơi vỡ + vào nước) kèm máy Xem chi tiết
Tặng PMH 100.000đ mua Microsoft 365 Personal/Family/Home & Student khi mua Online đến 30/09
Tặng thêm 1 năm bảo hành chính hãng Acer Xem chi tiết","5 đánh giá
|
544 Hỏi & đáp"
U,n,k,n,o,w,n
"Laptop Dell XPS 13 9310 i5 1135G7/8GB/256GB/13.4""FHDTouch/Win 10 (No.00770616)",41.999.000₫,,"13.4"", 1920 x 1080 Pixel, WVA, 60 Hz, 400 nits, LED-backlit
Intel Core i5-1135G7
8 GB, LPDDR4, 4266 MHz
SSD 256 GB
Intel Iris Xe Graphics","Tặng PMH 200.000đ mua máy in Brother
Giảm đến 300.000đ khi mua bảo hành (rơi vỡ + vào nước) kèm máy Xem chi tiết
Tặng PMH 100.000đ mua Microsoft 365 Personal/Family/Home & Student khi mua Online đến 30/09","1 đánh giá
|
0 Hỏi & đáp"
"Laptop Dell Vostro V3500 i3 1115G4/8GB/256GB/15.6""FHD/Win 10 (No.00741403)",15.599.000₫,,"15.6"", 1920 x 1080 Pixel, WVA, 60 Hz, 250 nits, Anti-glare LED-backlit
Intel Core i3-1115G4
8 GB, DDR4, 2666 MHz
SSD 256 GB
Intel UHD Graphics","Tặng PMH 200.000đ mua máy in Brother
Giảm đến 300.000đ khi mua bảo hành (rơi vỡ + vào nước) kèm máy Xem chi tiết
Tặng PMH 100.000đ mua Microsoft 365 Personal/Family/Home & Student khi mua Online đến 30/09","2 đánh giá
|
536 Hỏi & đáp"
Laptop ASUS Vivobook X515EA BQ1006T i3 1115G4/4GB/512GB SSD/Win10 (No.00770614),13.499.000₫,,"15.6"", 1920 x 1080 Pixel, IPS, 60 Hz, 250 nits, Anti-glare LED-backlit
Intel Core i3-1115G4
4 GB, DDR4, 3200 MHz
SSD 512 GB
Intel UHD Graphics","Tặng PMH 200.000đ mua máy in Brother
Giảm đến 300.000đ khi mua bảo hành (rơi vỡ + vào nước) kèm máy Xem chi tiết
Tặng PMH 100.000đ mua Microsoft 365 Personal/Family/Home & Student khi mua Online đến 30/09","1 đánh giá
|
0 Hỏi & đáp"
Laptop Acer Aspire 3 A315-57G-524Z i5 1035G1/8GB/512GB SSD/MX330-2G/Win10 (No.00732389),16.999.000₫,,"15.6"", 1920 x 1080 Pixel, TN, 60 Hz, Acer ComfyView LED-backlit
Intel Core i5-1035G1
8 GB, DDR4, 2400 MHz
SSD 512 GB
GeForce MX330 2GB","Tặng PMH 200.000đ mua máy in Brother
Giảm đến 300.000đ khi mua bảo hành (rơi vỡ + vào nước) kèm máy Xem chi tiết
Tặng PMH 100.000đ mua Microsoft 365 Personal/Family/Home & Student khi mua Online đến 30/09","đánh giá
|
0 Hỏi & đáp"
Laptop ASUS Vivobook A415EA EB360T i5 1135G7/8GB/512GB SSD/Win10 (No.00770615),18.799.000₫,,"14.0"", 1920 x 1080 Pixel, IPS, 60 Hz, 250 nits, Anti-glare LED-backlit
Intel Core i5-1135G7
8 GB, DDR4, 3200 MHz
SSD 512 GB
Intel Iris Xe Graphics","Tặng PMH 200.000đ mua máy in Brother
Giảm đến 300.000đ khi mua bảo hành (rơi vỡ + vào nước) kèm máy Xem chi tiết
Tặng PMH 100.000đ mua Microsoft 365 Personal/Family/Home & Student khi mua Online đến 30/09","1 đánh giá
|
179 Hỏi & đáp"
Laptop Dell Gaming G15 5515 R7 5800H/8GB/512GB/ RTX3050 4GB/15.6FHD/Win 10+Office Home&Student (No.00772988),30.999.000₫,,"15.6"", 1920 x 1080 Pixel, WVA, 120 Hz, 250 nits, WVA Anti-glare LED Backlit Narrow Border
AMD Ryzen 7-5800H
8 GB, DDR4, 3200 MHz
SSD 512 GB
NVIDIA GeForce GTX 3050 4GB","Tặng PMH 200.000đ mua máy in Brother
Giảm đến 300.000đ khi mua bảo hành (rơi vỡ + vào nước) kèm máy Xem chi tiết
Tặng PMH 100.000đ mua Microsoft 365 Personal/Family/Home & Student khi mua Online đến 30/09","1 đánh giá
|
1 Hỏi & đáp"
"Laptop Dell Inspiron N3505 R3 3250U/8GB/256GB/15.6""FHD/Win 10 (No.00741322)",13.999.000₫,,"15.6"", 1920 x 1080 Pixel, TFT, BrightView WLED-backlit
AMD Ryzen 3-3250U
8 GB, DDR4, 3200 MHz
SSD 256 GB
AMD Radeon RX Vega 3","Tặng PMH 200.000đ mua máy in Brother
Giảm đến 300.000đ khi mua bảo hành (rơi vỡ + vào nước) kèm máy Xem chi tiết
Tặng PMH 100.000đ mua Microsoft 365 Personal/Family/Home & Student khi mua Online đến 30/09
Microsoft Office tặng PMH 300.000đ khi mua kèm Laptop Chip AMD","3 đánh giá
|
385 Hỏi & đáp"
Laptop Asus Zenbook UX425EA KI429T i5 1135G7/8GB/512GB SSD/Win 10 (No.00758225),23.999.000₫,,"14.0"", 1920 x 1080 Pixel, IPS, 60 Hz, 400 nits, Anti-glare LED-backlit
Intel Core i5-1135G7
8 GB, LPDDR4X, 3200 MHz
SSD 512 GB
Intel Iris Xe Graphics","Tặng PMH 200.000đ mua máy in Brother
Giảm đến 300.000đ khi mua bảo hành (rơi vỡ + vào nước) kèm máy Xem chi tiết
Tặng PMH 100.000đ mua Microsoft 365 Personal/Family/Home & Student khi mua Online đến 30/09","7 đánh giá
|
697 Hỏi & đáp"
"Laptop Dell Inspiron N3501 i3 1125G4/4GB/256GB/15.6""FHD/Win 10 (No.00770872)",15.199.000₫,,"15.6"", 1920 x 1080 Pixel, WVA, 60 Hz, 220 nits, WVA Anti-glare LED Backlit Narrow Border
Intel Core i3-1125G4
4 GB, DDR4, 2666 MHz
SSD 256 GB
Intel UHD Graphics","Tặng PMH 200.000đ mua máy in Brother
Giảm đến 300.000đ khi mua bảo hành (rơi vỡ + vào nước) kèm máy Xem chi tiết
Tặng PMH 100.000đ mua Microsoft 365 Personal/Family/Home & Student khi mua Online đến 30/09","1 đánh giá
|
472 Hỏi & đáp"
Laptop Asus Zenbook UX425EA KI439T i7 1165G7/16GB/512GB SSD/Win 10 (No.00758226),30.699.000₫,,"14.0"", 1920 x 1080 Pixel, IPS, 60 Hz, 400 nits, Anti-glare LED-backlit
Intel Core i7-1165G7
16 GB, LPDDR4X, 4266 MHz
SSD 512 GB
Intel Iris Xe graphics","Tặng PMH 200.000đ mua máy in Brother
Giảm đến 300.000đ khi mua bảo hành (rơi vỡ + vào nước) kèm máy Xem chi tiết
Tặng PMH 100.000đ mua Microsoft 365 Personal/Family/Home & Student khi mua Online đến 30/09","1 đánh giá
|
0 Hỏi & đáp"
Laptop Asus Vivobook E210MA-GJ001T N4020/4GB/128GB eMMC/Win10 (No.00772213),7.499.000₫,,"11.6"", 1366 x 768 Pixel, TN, 60 Hz, 200 nits, BrightView LED Backlit
Intel Celeron N4020
4 GB, DDR4, 2400 MHz
eMMC 128GB
Intel HD Graphics 610","Tặng Chuột không dây Zadez M390
Tặng PMH 200.000đ mua máy in Brother
Giảm đến 300.000đ khi mua bảo hành (rơi vỡ + vào nước) kèm máy Xem chi tiết
Tặng PMH 100.000đ mua Microsoft 365 Personal/Family/Home & Student khi mua Online đến 30/09
Thu cũ đổi mới - Trợ giá ngay 15% Xem chi tiết","1 đánh giá
|
349 Hỏi & đáp"
U,n,k,n,o,w,n
U,n,k,n,o,w,n
U,n,k,n,o,w,n
Laptop Acer Swift 3x SF314 510G 57MR i5 1135G7/8G/512GSSD/Intel Iris Xe Max 4GB/Win10 (No.00741404),22.999.000₫,,"14.0"", 1920 x 1080 Pixel, IPS, 60 Hz, IPS LCD LED Backlit, True Tone
Intel Core i5-1135G7
8 GB, LPDDR4, 4266 MHz
SSD 512 GB
Intel Iris Xe Max 4GB","Tặng PMH 200.000đ mua máy in Brother
Giảm đến 300.000đ khi mua bảo hành (rơi vỡ + vào nước) kèm máy Xem chi tiết
Tặng PMH 100.000đ mua Microsoft 365 Personal/Family/Home & Student khi mua Online đến 30/09","1 đánh giá
|
216 Hỏi & đáp"
U,n,k,n,o,w,n
U,n,k,n,o,w,n
U,n,k,n,o,w,n
U,n,k,n,o,w,n
U,n,k,n,o,w,n
Laptop Acer Aspire Gaming A715 75G 56ZL i5 10300H/8GB/512GB SSD/Nvidia GTX1650 4GB/Win10 (No.00770798),20.999.000₫,,"15.6"", 1920 x 1080 Pixel, IPS, 60 Hz, Acer ComfyView Anti-glare LED-backlit
Intel Core i5-10300H
8 GB, DDR4, 3200 MHz
SSD 512 GB
GeForce GTX 1650 4GB","Tặng PMH 200.000đ mua máy in Brother
Giảm đến 300.000đ khi mua bảo hành (rơi vỡ + vào nước) kèm máy Xem chi tiết
Tặng PMH 100.000đ mua Microsoft 365 Personal/Family/Home & Student khi mua Online đến 30/09
Tặng thêm 1 năm bảo hành chính hãng Acer Xem chi tiết","2 đánh giá
|
530 Hỏi & đáp"
U,n,k,n,o,w,n
"Laptop Dell XPS 13 9310 i7 1165G7/16GB/512GB/13.4""UHD Touch/Bút/Win 10 (No.00772776)",59.999.000₫,,"13.4"", 3840 x 2160 Pixel, IPS, 60 Hz, 300 nits, Anti-glare LED Backlit Ultra Slim
Intel Core i7-1065G7
16 GB, LPDDR4, 4267 MHz
SSD 512 GB
Intel Iris Xe Graphics","Tặng PMH 200.000đ mua máy in Brother
Tặng PMH 100.000đ mua Microsoft 365 Personal/Family/Home & Student khi mua Online đến 30/09","1 đánh giá
|
0 Hỏi & đáp"
U,n,k,n,o,w,n
U,n,k,n,o,w,n
U,n,k,n,o,w,n
Laptop Acer Swift 3 SF314 511 56G1 i5 1135G7/16GB/512GB SSD/Win10 (No.00768694),20.999.000₫,,"14.0"", 1920 x 1080 Pixel, IPS, 60 Hz, 250 nits, Acer ComfyView LED-backlit
Intel Core i5-1135G7
16 GB, LPDDR4X, 4266 MHz
SSD 512 GB
Intel Iris Xe Graphics","Tặng PMH 200.000đ mua máy in Brother
Giảm đến 300.000đ khi mua bảo hành (rơi vỡ + vào nước) kèm máy Xem chi tiết
Tặng PMH 100.000đ mua Microsoft 365 Personal/Family/Home & Student khi mua Online đến 30/09","7 đánh giá
|
628 Hỏi & đáp"
Laptop Asus Flip BR1100FKA-BP0732T N6000/4GB/64GB eMMc/11.6''HD touch/Win10 (No.00771095),10.499.000₫,,"11.6"", 1366 x 768 Pixel, IPS, 60 Hz, 250 nits, Anti-glare LED-backlit
Intel Pentium N6000
4 GB, DDR4, 3200 MHz
eMMC 64 GB
Intel UHD Graphics","Tặng PMH 200.000đ mua máy in Brother
Giảm đến 300.000đ khi mua bảo hành (rơi vỡ + vào nước) kèm máy Xem chi tiết
Tặng PMH 100.000đ mua Microsoft 365 Personal/Family/Home & Student khi mua Online đến 30/09","1 đánh giá
|
161 Hỏi & đáp"
"Laptop Lenovo IdeaPad 5 Pro 14ITL6 i7 1165G7/16GB/512GB/14"" 2.2K/MX 450 2GB/Win 10 (No.00772055)",28.699.000₫,,"14.0"", IPS, 60 Hz, 300 nits, IPS LCD LED Backlit, True Tone
Intel Core i7-1165G7
16 GB, DDR4, 3200 MHz
NVIDIA Geforce MX450 2GB","Tặng PMH 200.000đ mua máy in Brother
Giảm đến 300.000đ khi mua bảo hành (rơi vỡ + vào nước) kèm máy Xem chi tiết
Tặng PMH 100.000đ mua Microsoft 365 Personal/Family/Home & Student khi mua Online đến 30/09","1 đánh giá
|
24 Hỏi & đáp"
"Laptop Asus Vivobook M513UA-L1221T R5 5500U/8GB/512GB SSD/15.6"" OLED FHD/Win10 (No.00771898)",18.799.000₫,,"15.6"", 1920 x 1080 Pixel, OLED, 60 Hz, 400 nits, OLED
AMD Ryzen 5-5500U
8 GB, DDR4, 3200 MHz
SSD 512 GB
AMD Radeon Graphics","Tặng PMH 200.000đ mua máy in Brother
Giảm đến 300.000đ khi mua bảo hành (rơi vỡ + vào nước) kèm máy Xem chi tiết
Tặng PMH 100.000đ mua Microsoft 365 Personal/Family/Home & Student khi mua Online đến 30/09
Microsoft Office tặng PMH 300.000đ khi mua kèm Laptop Chip AMD","1 đánh giá
|
124 Hỏi & đáp"
U,n,k,n,o,w,n
U,n,k,n,o,w,n
"Laptop MSI Modern 14 B11MOL 688VN i3 1115G4/8GB/256GB/14""FHD/Win 10 (No.00770998)",14.999.000₫,,"14.0"", 1920 x 1080 Pixel, IPS, 60 Hz, Anti-glare LED-backlit
Intel Core i3-1115G4
8 GB, DDR4, 3200 MHz
SSD 256 GB
Intel UHD Graphics","Tặng PMH 200.000đ mua máy in Brother
Giảm đến 300.000đ khi mua bảo hành (rơi vỡ + vào nước) kèm máy Xem chi tiết
Tặng PMH 100.000đ mua Microsoft 365 Personal/Family/Home & Student khi mua Online đến 30/09","1 đánh giá
|
539 Hỏi & đáp"
"Laptop MSI Modern 15 A5M R7 5700U/8GB/512GB/15.6""FHD/Win 10 (No.00764755)",19.799.000₫,,"15.6"", 1920 x 1080 Pixel, IPS, 60 Hz, 250 nits, LED Backlit
AMD Ryzen 7-5700U
8 GB, DDR4, 3200 MHz
SSD 512 GB
AMD Radeon Graphics","Tặng PMH 200.000đ mua máy in Brother
Giảm đến 300.000đ khi mua bảo hành (rơi vỡ + vào nước) kèm máy Xem chi tiết
Tặng PMH 100.000đ mua Microsoft 365 Personal/Family/Home & Student khi mua Online đến 30/09
Microsoft Office tặng PMH 300.000đ khi mua kèm Laptop Chip AMD","2 đánh giá
|
0 Hỏi & đáp"
U,n,k,n,o,w,n
Laptop Asus Vivobook X515MA BR478T N4020/4GB/256GB SSD/Win10 (No.00760748),8.499.000₫,,"15.6"", 1366 x 768 Pixel, 60 Hz, 200 nits, Anti-glare LED-backlit
Intel Celeron N4020
4 GB, DDR4, 2400 MHz
SSD 256 GB
Intel UHD Graphics","Tặng Chuột không dây Zadez M390
Tặng PMH 200.000đ mua máy in Brother
Giảm đến 300.000đ khi mua bảo hành (rơi vỡ + vào nước) kèm máy Xem chi tiết
Tặng PMH 100.000đ mua Microsoft 365 Personal/Family/Home & Student khi mua Online đến 30/09
Thu cũ đổi mới - Trợ giá ngay 15% Xem chi tiết","3 đánh giá
|
879 Hỏi & đáp"
"Laptop MSI Summit E13 Flip Evo A11MT i7 1185G7/16GB/1TB SSD/13.4""FHD/Win 10 (No.00764754)",39.999.000₫,,"13.4"", 1920 x 1200 Pixel, IPS, 60 Hz, 500 nits, LED Backlit
Intel Core i7-1185G7
16 GB, LPDDR4, 2133 MHz
SSD 1 TB
Intel Iris Xe Graphics","Tặng PMH 200.000đ mua máy in Brother
Giảm đến 300.000đ khi mua bảo hành (rơi vỡ + vào nước) kèm máy Xem chi tiết
Tặng PMH 100.000đ mua Microsoft 365 Personal/Family/Home & Student khi mua Online đến 30/09
Tặng Chuột Bluetooth MSI_M98
Tặng Office 365 Family sử dụng 1 năm","1 đánh giá
|
0 Hỏi & đáp"
Laptop HP ZBook Firefly 14 G8 i7 1165G/16GB/512GB/NVIDIA T500 4GB/14”FHD/Win 10 Pro (No.00772180),39.899.000₫,,"14.0"", 1920 x 1080 Pixel, IPS, 60 Hz, 250 nits, Anti-glare LED UWVA
Intel Core i7-1165G7
16 GB, DDR4, 3200 MHz
NVIDIA T500 GDDR5 4GB","Tặng PMH 200.000đ mua máy in Brother
Giảm đến 300.000đ khi mua bảo hành (rơi vỡ + vào nước) kèm máy Xem chi tiết
Tặng PMH 100.000đ mua Microsoft 365 Personal/Family/Home & Student khi mua Online đến 30/09","1 đánh giá
|
0 Hỏi & đáp"
Laptop Asus VivoBook M413IA-EK481T R7 4700U/8GB/1TB SSD/WIN10 (No.00711464),19.999.000₫,,"14.0"", 1920 x 1080 Pixel, IPS, 60 Hz, Anti-glare LED-backlit
AMD Ryzen 7-4700U
8 GB, DDR4, 3200 MHz
SSD 1 TB
AMD Graphics","Tặng PMH 200.000đ mua máy in Brother
Giảm đến 300.000đ khi mua bảo hành (rơi vỡ + vào nước) kèm máy Xem chi tiết
Tặng PMH 100.000đ mua Microsoft 365 Personal/Family/Home & Student khi mua Online đến 30/09
Microsoft Office tặng PMH 300.000đ khi mua kèm Laptop Chip AMD","74 đánh giá
|
438 Hỏi & đáp"
Laptop Acer Nitro Gaming AN515 57 5831 i5 11400H/8GB/512GB SSD/RTX3060 6GB/Win10 (No.00762457),32.999.000₫,,"15.6"", 1920 x 1080 Pixel, IPS, 144 Hz, Acer ComfyView LED-backlit
Intel Core i5-11400H
8 GB, DDR4, 3200 MHz
SSD 512 GB
NVIDIA GeForce RTX 3060 6GB","Tặng PMH 200.000đ mua máy in Brother
Giảm đến 300.000đ khi mua bảo hành (rơi vỡ + vào nước) kèm máy Xem chi tiết
Tặng PMH 100.000đ mua Microsoft 365 Personal/Family/Home & Student khi mua Online đến 30/09
Tặng thêm 1 năm bảo hành chính hãng Acer Xem chi tiết","1 đánh giá
|
42 Hỏi & đáp"
U,n,k,n,o,w,n
Laptop Asus VivoBook X515MA BR481T N4020/4GB/256GB SSD/Win10 (No.00770794),7.999.000₫,,"15.6"", 1366 x 768 Pixel, 60 Hz, 200 nits, Anti-glare LED-backlit
Intel Celeron N4020
4 GB, DDR4, 3200 MHz
SSD 256 GB
Intel UHD Graphics","Tặng Chuột không dây Zadez M390
Tặng PMH 200.000đ mua máy in Brother
Giảm đến 300.000đ khi mua bảo hành (rơi vỡ + vào nước) kèm máy Xem chi tiết
Tặng PMH 100.000đ mua Microsoft 365 Personal/Family/Home & Student khi mua Online đến 30/09
Thu cũ đổi mới - Trợ giá ngay 15% Xem chi tiết","1 đánh giá
|
0 Hỏi & đáp"
U,n,k,n,o,w,n
"Laptop Avita Liber NS14A9-UGA R5 4500U/8GB/512GB/14""FHD/Win 10 (No.00769916)",17.999.000₫,,"14.0"", 1920 x 1080 Pixel, IPS, 60 Hz, 220 nits
AMD Ryzen 5-4500U
8 GB, LPDDR4X, 3200 MHz
SSD 512 GB
Radeon RX Graphics","Tặng PMH 200.000đ mua máy in Brother
Giảm đến 300.000đ khi mua bảo hành (rơi vỡ + vào nước) kèm máy Xem chi tiết
Tặng PMH 100.000đ mua Microsoft 365 Personal/Family/Home & Student khi mua Online đến 30/09
Microsoft Office tặng PMH 300.000đ khi mua kèm Laptop Chip AMD","1 đánh giá
|
0 Hỏi & đáp"
U,n,k,n,o,w,n
Laptop Acer Nitro Gaming AN515 45 R0B6 R7 5800H/8GB/512GB SSD/RTX 3060-6G/Win10 (No.00750983),32.999.000₫,,"15.6"", 1920 x 1080 Pixel, IPS, 144 Hz, IPS LCD LED Backlit, True Tone
AMD Ryzen 7-5800H
8 GB, DDR4, 3200 MHz
SSD 512 GB
GeForce RTX™ 3060 6GB DDR6","Tặng PMH 200.000đ mua máy in Brother
Giảm đến 300.000đ khi mua bảo hành (rơi vỡ + vào nước) kèm máy Xem chi tiết
Tặng PMH 100.000đ mua Microsoft 365 Personal/Family/Home & Student khi mua Online đến 30/09
Tặng thêm 1 năm bảo hành chính hãng Acer Xem chi tiết
Microsoft Office tặng PMH 300.000đ khi mua kèm Laptop Chip AMD","1 đánh giá
|
248 Hỏi & đáp"
"Laptop Dell Vostro V5410 i5 11300H/8GB/512GB/14.0""FHD/Win 10+Office Home& Student (No.00770719)",22.699.000₫,,"14.0"", 1920 x 1080 Pixel, WVA, 60 Hz, 250 nits, WVA Anti-glare LED Backlit Narrow Border
Intel Core i5-11300H
8 GB, DDR4, 3200 MHz
SSD 512 GB
Intel Iris Xe Graphics","Tặng PMH 200.000đ mua máy in Brother
Giảm đến 300.000đ khi mua bảo hành (rơi vỡ + vào nước) kèm máy Xem chi tiết
Tặng PMH 100.000đ mua Microsoft 365 Personal/Family/Home & Student khi mua Online đến 30/09","1 đánh giá
|
528 Hỏi & đáp"
Laptop Lenovo Gaming Legion 5 R7 4800H/16GB/512GB/15.6”FHD/GTX 1650Ti 4GB/Win 10 (No.00765678),28.999.000₫,"16GB RAM
28.999.000₫
8GB RAM
25.579.000₫","15.6"", 1920 x 1080 Pixel, IPS, 144 Hz, 300 nits, IPS LCD LED Backlit, True Tone
AMD Ryzen 7-4800H
16 GB, DDR4, 3200 MHz
NVIDIA® GeForce® GTX1650Ti 4GB","Tặng PMH 200.000đ mua máy in Brother
Giảm đến 300.000đ khi mua bảo hành (rơi vỡ + vào nước) kèm máy Xem chi tiết
Tặng PMH 100.000đ mua Microsoft 365 Personal/Family/Home & Student khi mua Online đến 30/09
Microsoft Office tặng PMH 300.000đ khi mua kèm Laptop Chip AMD","1 đánh giá
|
219 Hỏi & đáp"
Laptop Asus Vivobook A515EA-BQ498T i5 1135G7/8GB/512G SSD/Intel Iris Xe/Win10 (No.00722666),18.999.000₫,,"15.6"", 1920 x 1080 Pixel, IPS, 60 Hz, 250 nits, Anti-glare LED-backlit
Intel Core i5-1135G7
8 GB, DDR4, 3200 MHz
SSD 512 GB
Intel Iris Xe","Tặng PMH 200.000đ mua máy in Brother
Giảm đến 300.000đ khi mua bảo hành (rơi vỡ + vào nước) kèm máy Xem chi tiết
Tặng PMH 100.000đ mua Microsoft 365 Personal/Family/Home & Student khi mua Online đến 30/09","1 đánh giá
|
592 Hỏi & đáp"
"Laptop HP 240 G8 i5 1135G7/8GB/256GB/14.0""FHD/Win 10 (No.00768696)",16.999.000₫,"256 GB
16.999.000₫
512 GB
17.999.000₫","14.0"", 1366 x 768 Pixel, IPS, 60 Hz, 250 nits
Intel Core i5-1135G7
8 GB, DDR4, 2666 MHz
SSD 256 GB
Intel UHD Graphics","Tặng PMH 200.000đ mua máy in Brother
Giảm đến 300.000đ khi mua bảo hành (rơi vỡ + vào nước) kèm máy Xem chi tiết
Tặng PMH 100.000đ mua Microsoft 365 Personal/Family/Home & Student khi mua Online đến 30/09","1 đánh giá
|
413 Hỏi & đáp"
Laptop Lenovo IdeaPad Gaming 3 15IMH05 i7 10750H/8GB/512GB/GTX 1650TI/Win 10 (No.00772054),24.999.000₫,,"15.6"", 1920 x 1080 Pixel, IPS, 120 Hz, 250 nits, IPS LCD LED Backlit, True Tone
Intel Core i7-10750H
8 GB, DDR4, 2933 MHz
SSD 512 GB
NVIDIA GeForce GTX 1650Ti 4GB","Tặng PMH 200.000đ mua máy in Brother
Giảm đến 300.000đ khi mua bảo hành (rơi vỡ + vào nước) kèm máy Xem chi tiết
Tặng PMH 100.000đ mua Microsoft 365 Personal/Family/Home & Student khi mua Online đến 30/09","1 đánh giá
|
76 Hỏi & đáp"
U,n,k,n,o,w,n
"Laptop Dell Gaming G5 15 5500 i7 10750H/16GB/512GB/15.6""FHD/RTX2060 6GB/Win 10 (No.00761227)",34.999.000₫,,"15.6"", 1920 x 1080 Pixel, WVA, 144 Hz, 300 nits, WVA Anti-glare LED Backlit Narrow Border
Intel Core i7-10750H
16 GB, DDR4, 2933 MHz
SSD 512 GB
NVIDIA® GeForce® RTX2060 6GB","Tặng PMH 200.000đ mua máy in Brother
Giảm đến 300.000đ khi mua bảo hành (rơi vỡ + vào nước) kèm máy Xem chi tiết
Tặng PMH 100.000đ mua Microsoft 365 Personal/Family/Home & Student khi mua Online đến 30/09","1 đánh giá
|
36 Hỏi & đáp"
Laptop Acer Triton Gaming PT315-53-75LQ i7 11800H/ 16GB/512GB SSD/RTX3060 6G/Win10 (No.00773092),44.990.000₫,,"15.6"", 2560 x 1440 Pixel, IPS, 165 Hz, 300 nits, Acer ComfyView LED-backlit
Intel Core i7-11800H
16 GB, DDR4, 3200 MHz
SSD 512 GB
Nvidia Geforce RTX3060 6GB","Tặng PMH 200.000đ mua máy in Brother
Giảm đến 300.000đ khi mua bảo hành (rơi vỡ + vào nước) kèm máy Xem chi tiết
Tặng PMH 100.000đ mua Microsoft 365 Personal/Family/Home & Student khi mua Online đến 30/09","1 đánh giá
|
3 Hỏi & đáp"
Laptop HP 340s G7 i5 1035G1/8GB/256GB/14.0FHD/Win 10 (No.00773276),17.199.000₫,,"14.0"", 1920 x 1080 Pixel, IPS, 60 Hz, 250 nits
Intel Core i5-1035G1
8 GB, DDR4, 3200 MHz
SSD 256 GB
Intel UHD Graphics","Tặng PMH 200.000đ mua máy in Brother
Giảm đến 300.000đ khi mua bảo hành (rơi vỡ + vào nước) kèm máy Xem chi tiết
Tặng PMH 100.000đ mua Microsoft 365 Personal/Family/Home & Student khi mua Online đến 30/09","1 đánh giá
|
0 Hỏi & đáp"
"Laptop Dell Vostro V3400 i5 1135G7/8GB/256GB/14.0""FHD/Win 10 (No.00741027)",18.999.000₫,,"14.0"", 1920 x 1080 Pixel, WVA, 60 Hz, WVA Anti-glare LED Backlit Narrow Border
Intel Core i5-1135G7
8 GB, DDR4
SSD 256 GB
Intel UHD Graphics","Tặng PMH 200.000đ mua máy in Brother
Giảm đến 300.000đ khi mua bảo hành (rơi vỡ + vào nước) kèm máy Xem chi tiết
Tặng PMH 100.000đ mua Microsoft 365 Personal/Family/Home & Student khi mua Online đến 30/09","1 đánh giá
|
446 Hỏi & đáp"
U,n,k,n,o,w,n
"MacBook Pro 16"" 2019 Touch Bar 2.6GHz Core i7 512GB (No.00630517)",59.999.000₫,,"16.0"", 3072 x 1920 Pixel, IPS, IPS LCD LED Backlit, True Tone
Intel Core i7-9th-gen
16 GB, DDR4, 2666 MHz
SSD 512 GB
Radeon Pro 5300M 4GB","Mua kèm Apple Care tăng thêm 2 năm bảo hành chính hãng Xem chi tiết
Tặng gói iCloud 50GB miễn phí 3 tháng Xem chi tiết
Tặng PMH 100.000đ mua Microsoft 365 Personal/Family/Home & Student khi mua Online đến 30/09
Giảm ngay 10% Magic Mouse 2 khi mua kèm MacBook
Tặng Balo sành điệu","62 đánh giá
|
0 Hỏi & đáp"
Laptop Acer Nitro Gaming AN515 57 74NU i7 11800H/8GB/512GB SSD/RTX 3050Ti 4GB/Win10 (No.00762456),29.999.000₫,,"15.6"", 1920 x 1080 Pixel, IPS, 144 Hz, LED-backlit
Intel Core i7-11800H
8 GB, DDR4, 3200 MHz
SSD 512 GB
NVIDIA GeForce RTX 3050Ti 4GB","Tặng PMH 200.000đ mua máy in Brother
Giảm đến 300.000đ khi mua bảo hành (rơi vỡ + vào nước) kèm máy Xem chi tiết
Tặng PMH 100.000đ mua Microsoft 365 Personal/Family/Home & Student khi mua Online đến 30/09
Tặng thêm 1 năm bảo hành chính hãng Acer Xem chi tiết","1 đánh giá
|
0 Hỏi & đáp"
"Laptop Avita Liber NS14A9-UGAB R5 4500U/8GB/512GB/14""FHD/ Balo/Win 10 (No.00769917)",17.999.000₫,,"14.0"", 1920 x 1080 Pixel, IPS, 60 Hz, 220 nits
AMD Ryzen 5-4500U
8 GB, LPDDR4X, 3200 MHz
SSD 512 GB
AMD Radeon RX Graphics","Tặng PMH 200.000đ mua máy in Brother
Giảm đến 300.000đ khi mua bảo hành (rơi vỡ + vào nước) kèm máy Xem chi tiết
Tặng PMH 100.000đ mua Microsoft 365 Personal/Family/Home & Student khi mua Online đến 30/09
Tặng Balo Laptop kèm trong hộp máy
Microsoft Office tặng PMH 300.000đ khi mua kèm Laptop Chip AMD","1 đánh giá
|
110 Hỏi & đáp"
Laptop Asus Vivobook X415EA-EK560T i3 1115G4/4GB/256GB SSD/Win10 (No.00772473),12.499.000₫,,"14.0"", 1920 x 1080 Pixel, TN, 60 Hz, 220 nits, LED-backlit
Intel Core i3-1115G4
4 GB, DDR4, 3200 MHz
SSD 256 GB
Intel UHD Graphics","Tặng PMH 200.000đ mua máy in Brother
Giảm đến 300.000đ khi mua bảo hành (rơi vỡ + vào nước) kèm máy Xem chi tiết
Tặng PMH 100.000đ mua Microsoft 365 Personal/Family/Home & Student khi mua Online đến 30/09","1 đánh giá
|
146 Hỏi & đáp"
Laptop Lenovo ThinkPad X1 Carbon 8 i5 10210U/16GB/512GB/14”WQHD/Win 10 Pro (No.00724582),45.999.000₫,,"14.0"", 2560 x 1440 Pixel, WVA, 60 Hz, 300 nits, WVA Anti-glare LED Backlit Narrow Border
Intel Core i5-10210U
16 GB, LPDDR3, 2133 MHz
Card Onboard","Tặng PMH 200.000đ mua máy in Brother
Giảm đến 300.000đ khi mua bảo hành (rơi vỡ + vào nước) kèm máy Xem chi tiết
Tặng PMH 100.000đ mua Microsoft 365 Personal/Family/Home & Student khi mua Online đến 30/09","1 đánh giá
|
0 Hỏi & đáp"
U,n,k,n,o,w,n
U,n,k,n,o,w,n
Laptop Lenovo Yoga 7 14ITL05 i7 1165G7/8GB/512GB/14”FHD Touch/Pen/Win 10 (No.00770796),28.999.000₫,,"14.0"", 1920 x 1080 Pixel, IPS, 60 Hz, 300 nits, IPS LCD LED Backlit, True Tone
Intel Core i7-1165G7
8 GB, DDR4, 3200 MHz
SSD 512 GB
Intel Iris Xe Graphics","Tặng PMH 200.000đ mua máy in Brother
Giảm đến 300.000đ khi mua bảo hành (rơi vỡ + vào nước) kèm máy Xem chi tiết
Tặng PMH 100.000đ mua Microsoft 365 Personal/Family/Home & Student khi mua Online đến 30/09","1 đánh giá
|
0 Hỏi & đáp"
U,n,k,n,o,w,n
U,n,k,n,o,w,n
U,n,k,n,o,w,n
"Laptop MSI Modern 14 B11SB 625VN i5 1155G7/8GB/512GB/14""FHD/MX450 2GB/Win 10 (No.00770606)",22.999.000₫,,"14.0"", 1920 x 1080 Pixel, IPS, 60 Hz, IPS LCD
Intel Core i5-1135G7
8 GB, DDR4, 3200 MHz
SSD 512 GB
Intel Nvidia Geforce MX450 2GB","Tặng PMH 200.000đ mua máy in Brother
Giảm đến 300.000đ khi mua bảo hành (rơi vỡ + vào nước) kèm máy Xem chi tiết
Tặng PMH 100.000đ mua Microsoft 365 Personal/Family/Home & Student khi mua Online đến 30/09","1 đánh giá
|
0 Hỏi & đáp"
Laptop Asus Vivobook X515EA BQ1005T i3 1115G4/8GB/512GB SSD/Win10 (No.00765105),14.499.000₫,,"15.6"", 1920 x 1080 Pixel, IPS, 60 Hz, 250 nits, Anti-glare LED-backlit
Intel Core i3-1115G4
8 GB, DDR4, 3200 MHz
SSD 512 GB
Intel UHD Graphics","Tặng PMH 200.000đ mua máy in Brother
Giảm đến 300.000đ khi mua bảo hành (rơi vỡ + vào nước) kèm máy Xem chi tiết
Tặng PMH 100.000đ mua Microsoft 365 Personal/Family/Home & Student khi mua Online đến 30/09","2 đánh giá
|
0 Hỏi & đáp"
Laptop Asus TUF Gaming FX516PM HN023T i7 11370H/16GB/512GB SSD/RTX 3060_6GB/Win10 (No.00747517),31.499.000₫,,"15.6"", 1920 x 1080 Pixel, IPS, 144 Hz, 250 nits, IPS LCD LED Backlit, True Tone
Intel Core i7-11370H
16 GB, DDR4, 3200 MHz
SSD 512 GB
GeForce RTX™ 3060 6GB DDR6","Tặng PMH 200.000đ mua máy in Brother
Giảm đến 300.000đ khi mua bảo hành (rơi vỡ + vào nước) kèm máy Xem chi tiết
Tặng PMH 100.000đ mua Microsoft 365 Personal/Family/Home & Student khi mua Online đến 30/09
Tặng Balo Asus TUF Gaming Xem chi tiết","13 đánh giá
|
0 Hỏi & đáp"
U,n,k,n,o,w,n
"Laptop Lenovo Gaming 3 15ARH05 R5 4600H /8GB/512GB/15.6""FHD/1650Ti 4GB/Win 10 (No.00756424)",20.999.000₫,,"15.6"", 1920 x 1080 Pixel, IPS, 120 Hz, 250 nits, Anti-glare WLED-backlit
AMD Ryzen 5-4600H
8 GB, DDR4, 3200 MHz
GeForce GTX 1650Ti 4GB","Tặng PMH 200.000đ mua máy in Brother
Giảm đến 300.000đ khi mua bảo hành (rơi vỡ + vào nước) kèm máy Xem chi tiết
Tặng PMH 100.000đ mua Microsoft 365 Personal/Family/Home & Student khi mua Online đến 30/09
Microsoft Office tặng PMH 300.000đ khi mua kèm Laptop Chip AMD","3 đánh giá
|
470 Hỏi & đáp"
"Laptop Dell Gaming G5 5500 i7 10750H/16GB/512GB/GTX 1650Ti 4GB/15""6FHD/Win 10 (No.00768327)",28.499.000₫,,"15.6"", 1920 x 1080 Pixel, WVA, 120 Hz, 220 nits, WVA Anti-glare LED Backlit Narrow Border
Intel Core i7-10750H
16 GB, DDR4, 2933 MHz
SSD 512 GB
NVIDIA GeForce GTX230 1650Ti 4GB","Tặng PMH 200.000đ mua máy in Brother
Giảm đến 300.000đ khi mua bảo hành (rơi vỡ + vào nước) kèm máy Xem chi tiết
Tặng PMH 100.000đ mua Microsoft 365 Personal/Family/Home & Student khi mua Online đến 30/09","1 đánh giá
|
54 Hỏi & đáp"
U,n,k,n,o,w,n
,20.999.000₫,,"15.6"", 1920 x 1080 Pixel, IPS, 144 Hz, 300 nits, IPS LCD LED Backlit, True Tone
Intel Core i5-10500H
8 GB, DDR4, 3200 MHz
SSD 512 GB
NVIDIA GeForce GTX1650 Max Q 4GB","Tặng PMH 200.000đ mua máy in Brother
Giảm đến 300.000đ khi mua bảo hành (rơi vỡ + vào nước) kèm máy Xem chi tiết
Tặng PMH 100.000đ mua Microsoft 365 Personal/Family/Home & Student khi mua Online đến 30/09","1 đánh giá
|
197 Hỏi & đáp"
Laptop Asus Vivobook Flip TP470EA EC029T i5 1135G7/8GB/512GB SSD/Win10 (No.00750981),20.099.000₫,,"14.0"", 1920 x 1080 Pixel, IPS, 60 Hz, 250 nits
Intel Core i5-1135G7
8 GB, LPDDR4X, 4266 MHz
SSD 512 GB
Intel Iris Xe Graphics","Tặng PMH 200.000đ mua máy in Brother
Giảm đến 300.000đ khi mua bảo hành (rơi vỡ + vào nước) kèm máy Xem chi tiết
Tặng PMH 100.000đ mua Microsoft 365 Personal/Family/Home & Student khi mua Online đến 30/09","3 đánh giá
|
224 Hỏi & đáp"
"MacBook Air 13"" 2020 M1 16GB/512GB (No.00731892)",39.499.000₫,"256GB
32.499.000₫
512GB
39.499.000₫","13.3"", 2560 x 1600 Pixel, IPS, IPS LCD LED Backlit, True Tone
Apple M1
16 GB, LPDDR4
SSD 256 GB
Apple M1","Tặng gói iCloud 50GB miễn phí 3 tháng Xem chi tiết
Mua kèm Apple Care tăng thêm 2 năm bảo hành chính hãng Xem chi tiết
Giảm đến 300.000đ khi mua bảo hành (rơi vỡ + vào nước) kèm máy Xem chi tiết
Tặng PMH 100.000đ mua Microsoft 365 Personal/Family/Home & Student khi mua Online đến 30/09
Giảm ngay 10% Magic Mouse 2 khi mua kèm MacBook
Tặng Balo sành điệu","1 đánh giá
|
63 Hỏi & đáp"
"MacBook Pro 13"" 2020 Touch Bar 2.0GHz Core i5 512GB (No.00694878)",46.999.000₫,"512 GB
46.999.000₫
1 TB
53.999.000₫","13.3"", 2560 x 1600 Pixel, IPS, IPS LCD LED Backlit, True Tone
Intel Core i5-10th-gen
16 GB, LPDDR4X, 3733 MHz
SSD 512 GB
Intel Iris Plus Graphics","Tặng gói iCloud 50GB miễn phí 3 tháng Xem chi tiết
Mua kèm Apple Care tăng thêm 2 năm bảo hành chính hãng Xem chi tiết
Giảm đến 300.000đ khi mua bảo hành (rơi vỡ + vào nước) kèm máy Xem chi tiết
Tặng PMH 100.000đ mua Microsoft 365 Personal/Family/Home & Student khi mua Online đến 30/09
Giảm ngay 10% Magic Mouse 2 khi mua kèm MacBook
Tặng Balo sành điệu","34 đánh giá
|
0 Hỏi & đáp"
"Laptop Dell Inspiron N7501 i7 10750H/8GB/512GB/15.6""FHD/GTX1650Ti 4GB/Win 10 (No.00741399)",31.999.000₫,,"15.6"", 1920 x 1080 Pixel, TFT, 60 Hz, WVA Anti-glare LED Backlit Narrow Border
Intel Core i7-10750H
8 GB, DDR4, 2933 MHz
SSD 512 GB
NVIDIA® GeForce GTX™ 1650Ti 4Gb","Tặng PMH 200.000đ mua máy in Brother
Giảm đến 300.000đ khi mua bảo hành (rơi vỡ + vào nước) kèm máy Xem chi tiết
Tặng PMH 100.000đ mua Microsoft 365 Personal/Family/Home & Student khi mua Online đến 30/09","1 đánh giá
|
72 Hỏi & đáp"
U,n,k,n,o,w,n
Laptop Asus VivoBook A415EA-EB557T i3 1115G4/8GB/256GB SSD/Win10 (No.00771097),15.599.000₫,,"14.0"", 1920 x 1080 Pixel, IPS, 60 Hz, 250 nits, IPS LCD
Intel Core i3-1115G4
8 GB, DDR4, 2666 MHz
Intel UHD Graphics","Tặng PMH 200.000đ mua máy in Brother
Giảm đến 300.000đ khi mua bảo hành (rơi vỡ + vào nước) kèm máy Xem chi tiết
Tặng PMH 100.000đ mua Microsoft 365 Personal/Family/Home & Student khi mua Online đến 30/09","1 đánh giá
|
0 Hỏi & đáp"
"Laptop MSI Modern 14 B11MOU 460VN i7 1165G7/8GB/512GB/14""FHD/Win 10 (No.00772098)",21.999.000₫,,"14.0"", 1920 x 1080 Pixel, IPS, 60 Hz, 300 nits, IPS LCD LED Backlit, True Tone
Intel Core i7-1195G7
8 GB, DDR4, 3200 MHz
SSD 512 GB
Intel Iris Graphics","Tặng PMH 200.000đ mua máy in Brother
Giảm đến 300.000đ khi mua bảo hành (rơi vỡ + vào nước) kèm máy Xem chi tiết
Tặng PMH 100.000đ mua Microsoft 365 Personal/Family/Home & Student khi mua Online đến 30/09","1 đánh giá
|
0 Hỏi & đáp"
"MacBook Air 13"" 2020 M1 256GB (No.00725094)",27.499.000₫,"256GB
27.499.000₫
512GB
32.999.000₫","13.3"", 2560 x 1600 Pixel, IPS, IPS LCD LED Backlit, True Tone
Apple M1
8 GB, LPDDR4
SSD 256 GB
Apple M1","Đặt cấu hình tùy chọn Xem chi tiết
Tặng gói iCloud 50GB miễn phí 3 tháng Xem chi tiết
Mua kèm Apple Care tăng thêm 2 năm bảo hành chính hãng Xem chi tiết
Giảm đến 300.000đ khi mua bảo hành (rơi vỡ + vào nước) kèm máy Xem chi tiết
Tặng PMH 100.000đ mua Microsoft 365 Personal/Family/Home & Student khi mua Online đến 30/09
Giảm ngay 10% Magic Mouse 2 khi mua kèm MacBook
Tặng Balo sành điệu","2 đánh giá
|
0 Hỏi & đáp"
"Laptop MSI Modern 14 B10MW 605VN i3 10110U/8GB/256GB/ 14""FHD/UHD Graphics/Win10 (No.00772987)",14.599.000₫,,"14.0"", 1920 x 1080 Pixel, IPS, 60 Hz, 255 - 260 nits, IPS LCD
Intel Core i3-10110U
8 GB, DDR4, 3200 MHz
SSD 256 GB
Intel UHD Graphics","Ưu đãi dành cho Học sinh Sinh viên : Giảm ngay 3% + Tặng thêm 1 năm bảo hành. Xem chi tiết
Tặng PMH 200.000đ mua máy in Brother
Giảm đến 300.000đ khi mua bảo hành (rơi vỡ + vào nước) kèm máy Xem chi tiết
Tặng PMH 100.000đ mua Microsoft 365 Personal/Family/Home & Student khi mua Online đến 30/09","1 đánh giá
|
0 Hỏi & đáp"
Laptop MSI Gaming Katana GF66 11UC 641VN i7 11800H/8GB/512GB/RTX 3050 4GB/Win 10 (No.00772181),29.999.000₫,,"15.6"", 1920 x 1080 Pixel, IPS, 144 Hz, 300 nits, IPS LCD LED Backlit, True Tone
Intel Core i7-11800H
8 GB, DDR4, 3200 MHz
SSD 512 GB
NVIDIA GeForce RTX 3050 4GB","Tặng PMH 200.000đ mua máy in Brother
Giảm đến 300.000đ khi mua bảo hành (rơi vỡ + vào nước) kèm máy Xem chi tiết
Tặng PMH 100.000đ mua Microsoft 365 Personal/Family/Home & Student khi mua Online đến 30/09","1 đánh giá
|
0 Hỏi & đáp"
Laptop Asus Vivobook A515EP-BQ193T i5 1135G7/8GB/512GB SSD/Nvidia MX330 2GB/Win 10 (No.00720633),20.099.000₫,,"15.6"", 1920 x 1080 Pixel, IPS, 60 Hz, 250 nits, Nano Edge
Intel Core i5-1135G7
8 GB, DDR4, 3200 MHz
SSD 512 GB
Nvidia MX330-2GB","Tặng PMH 200.000đ mua máy in Brother
Giảm đến 300.000đ khi mua bảo hành (rơi vỡ + vào nước) kèm máy Xem chi tiết
Tặng PMH 100.000đ mua Microsoft 365 Personal/Family/Home & Student khi mua Online đến 30/09","6 đánh giá
|
0 Hỏi & đáp"
Laptop Asus Zenbook UX325EA KG363T i5 1135G7/8GB/512GB SSD/13.3 OLED/Win10 (No.00769331),25.299.000₫,,"13.3"", 1920 x 1080 Pixel, OLED, 60 Hz, 400 nits, OLED
Intel Core i5-1135G7
8 GB, LPDDR4X, 3200 MHz
SSD 512 GB
Intel Iris Xe Graphics","Tặng PMH 200.000đ mua máy in Brother
Giảm đến 300.000đ khi mua bảo hành (rơi vỡ + vào nước) kèm máy Xem chi tiết
Tặng PMH 100.000đ mua Microsoft 365 Personal/Family/Home & Student khi mua Online đến 30/09","2 đánh giá
|
0 Hỏi & đáp"
"Laptop MSI Modern 14 B10MW 636VN i3 10110U/8GB/256GB/14""FHD/Win 10 (No.00754751)",14.499.000₫,,"14.0"", 1920 x 1080 Pixel, IPS, 60 Hz
Intel Core i3-10110U
8 GB, DDR4, 3200 MHz
Intel UHD Graphics 630","Tặng PMH 200.000đ mua máy in Brother
Giảm đến 300.000đ khi mua bảo hành (rơi vỡ + vào nước) kèm máy Xem chi tiết
Tặng PMH 100.000đ mua Microsoft 365 Personal/Family/Home & Student khi mua Online đến 30/09","2 đánh giá
|
0 Hỏi & đáp"
"Laptop Asus Vivobook A515EA-L1963T i5 1135G7/8GB/512GB SSD/15.6"" OLED FHD/Win10 (No.00771138)",19.999.000₫,,"15.6"", 1920 x 1080 Pixel, 60 Hz, 400 nits, OLED
Intel Core i5-1135G7
8 GB, DDR4, 3200 MHz
SSD 512 GB
Intel Iris Xe Graphics","Tặng PMH 200.000đ mua máy in Brother
Giảm đến 300.000đ khi mua bảo hành (rơi vỡ + vào nước) kèm máy Xem chi tiết
Tặng PMH 100.000đ mua Microsoft 365 Personal/Family/Home & Student khi mua Online đến 30/09","1 đánh giá
|
0 Hỏi & đáp"
U,n,k,n,o,w,n
"Laptop Lenovo IdeaPad Slim 3 14ITL6 i5 1135G7/8GB/512GB/14""FHD/Win 10 (No.00748423)",16.999.000₫,,"14.0"", 1920 x 1080 Pixel, TN, 60 Hz, 250 nits, Anti-glare LED-backlit
Intel Core i5-1135G7
8 GB, DDR4, 3200 MHz
Intel Iris Xe Graphics","Tặng PMH 200.000đ mua máy in Brother
Giảm đến 300.000đ khi mua bảo hành (rơi vỡ + vào nước) kèm máy Xem chi tiết
Tặng PMH 100.000đ mua Microsoft 365 Personal/Family/Home & Student khi mua Online đến 30/09","1 đánh giá
|
0 Hỏi & đáp"
"Laptop HP 15s-fq2602TU i5 1135G7/8GB/256GB/Intel Graphics/15.6""HD/Win 10 (No.00773095)",15.999.000₫,,"15.6"", 1366 x 768 Pixel, IPS, 250 nits
Intel Core i5-1135G7
8 GB, DDR4, 3200 MHz
SSD 256 GB
Intel Iris Graphics","Tặng PMH 200.000đ mua máy in Brother
Giảm đến 300.000đ khi mua bảo hành (rơi vỡ + vào nước) kèm máy Xem chi tiết
Tặng PMH 100.000đ mua Microsoft 365 Personal/Family/Home & Student khi mua Online đến 30/09","1 đánh giá
|
0 Hỏi & đáp"
"Laptop Lenovo ThinkPad X1 Nano i7 1160G7 /16GB/512GB/13""2K 450N SRGB /Win 10 (No.00756426)",51.999.000₫,,"13.0"", IPS, 60 Hz, Anti-glare LED-backlit
Intel Core i7-1160G7
16 GB, LPDDR4X, 4266 MHz
Intel Iris Xe Graphics","Tặng PMH 200.000đ mua máy in Brother
Tặng PMH 100.000đ mua Microsoft 365 Personal/Family/Home & Student khi mua Online đến 30/09","1 đánh giá
|
0 Hỏi & đáp"
Laptop Lenovo Legion 5 15ACH6 R5 5600H/8GB/512GB/15.6”FHD/RTX 3060 6GB/Win 10 (No.00759542),33.999.000₫,,"15.6"", 1920 x 1080 Pixel, IPS, 165 Hz, 300 nits, IPS LCD LED Backlit, True Tone
AMD Ryzen 5-5600H
8 GB, DDR4, 3200 MHz
NVIDIA® GeForce RTX™ 3060 6GB G6","Tặng PMH 200.000đ mua máy in Brother
Giảm đến 300.000đ khi mua bảo hành (rơi vỡ + vào nước) kèm máy Xem chi tiết
Tặng PMH 100.000đ mua Microsoft 365 Personal/Family/Home & Student khi mua Online đến 30/09
Microsoft Office tặng PMH 300.000đ khi mua kèm Laptop Chip AMD","2 đánh giá
|
0 Hỏi & đáp"
Laptop Asus Vivobook X515EA BQ993T i5 1135G7/8GB/512GB SSD/Win10 (No.00765103),18.199.000₫,,"15.6"", 1920 x 1080 Pixel, IPS, 60 Hz, 250 nits, Anti-glare LED-backlit
Intel Core i5-1135G7
8 GB, DDR4, 3200 MHz
SSD 512 GB
Intel Iris Xe Graphics","Tặng PMH 200.000đ mua máy in Brother
Giảm đến 300.000đ khi mua bảo hành (rơi vỡ + vào nước) kèm máy Xem chi tiết
Tặng PMH 100.000đ mua Microsoft 365 Personal/Family/Home & Student khi mua Online đến 30/09","1 đánh giá
|
0 Hỏi & đáp"
Laptop Acer Aspire Gaming A715 42G R4ST R5 5500U/8GB/256GB SSD/Nvidia GTX1650 4GB/Win10 (No.00745029),19.999.000₫,,"15.6"", 1920 x 1080 Pixel, IPS, 60 Hz, Acer ComfyView Anti-glare LED-backlit
AMD Ryzen 5-5500U
8 GB, DDR4, 3200 MHz
SSD 256 GB
GeForce GTX 1650 4G-GDDR6","Tặng PMH 200.000đ mua máy in Brother
Giảm đến 300.000đ khi mua bảo hành (rơi vỡ + vào nước) kèm máy Xem chi tiết
Tặng PMH 100.000đ mua Microsoft 365 Personal/Family/Home & Student khi mua Online đến 30/09
Tặng thêm 1 năm bảo hành chính hãng Acer Xem chi tiết
Microsoft Office tặng PMH 300.000đ khi mua kèm Laptop Chip AMD","4 đánh giá
|
0 Hỏi & đáp"
Laptop MSI Bravo 15 A4DCR-270VN R5 4600H/8GB/256GB/AMD RX5300M-3GB/Win10 (No.00725653),19.999.000₫,,"15.6"", 1920 x 1080 Pixel, 144 Hz
AMD Ryzen 5-4600H
8 GB, DDR4, 3200 MHz
SSD 256 GB
AMD Radeon R5300M-3GB DDR6","Tặng PMH 200.000đ mua máy in Brother
Giảm đến 300.000đ khi mua bảo hành (rơi vỡ + vào nước) kèm máy Xem chi tiết
Tặng PMH 100.000đ mua Microsoft 365 Personal/Family/Home & Student khi mua Online đến 30/09
Microsoft Office tặng PMH 300.000đ khi mua kèm Laptop Chip AMD","5 đánh giá
|
0 Hỏi & đáp"
"Laptop HP Pavilion 15 eg0539TU i5 1135G7/8GB/512GB/15.6""FHD/Win 10 (No.00768698)",18.999.000₫,,"15.6"", 1920 x 1080 Pixel, IPS, 60 Hz, 250 nits
Intel Core i5-1135G7
8 GB, DDR4, 3200 MHz
SSD 512 GB
Intel Iris Xe Graphics","Tặng PMH 200.000đ mua máy in Brother
Giảm đến 300.000đ khi mua bảo hành (rơi vỡ + vào nước) kèm máy Xem chi tiết
Tặng PMH 100.000đ mua Microsoft 365 Personal/Family/Home & Student khi mua Online đến 30/09","1 đánh giá
|
0 Hỏi & đáp"
U,n,k,n,o,w,n
"Dell G3 15 3500B i7 10750H/16GB/512GB/15.6""FHD/NV GTX1660Ti 6GB/Win 10 (No.00713129)",31.999.000₫,,"15.6"", 1920 x 1080 Pixel, WVA, 120 Hz, 250 nits, WVA Anti-glare LED Backlit Narrow Border
Intel Core i7-10750H
16 GB, DDR4, 2933 MHz
SSD 512 GB
Nvidia GTX1660Ti 6GB","Tặng PMH 200.000đ mua máy in Brother
Giảm đến 300.000đ khi mua bảo hành (rơi vỡ + vào nước) kèm máy Xem chi tiết
Tặng PMH 100.000đ mua Microsoft 365 Personal/Family/Home & Student khi mua Online đến 30/09","2 đánh giá
|
0 Hỏi & đáp"
Laptop Acer Nitro Gaming AN515-57-57MX i5 11400H/8GB/512GB SSD/RTX 3050Ti 4GB/Win10 (No.00772470),25.599.000₫,,"15.6"", 1920 x 1080 Pixel, IPS, 144 Hz, Acer ComfyView LED-backlit
Intel Core i5-11400H
8 GB, DDR4, 3200 MHz
SSD 512 GB
Nvidia Geforce RTX3050Ti 4GB","Tặng PMH 200.000đ mua máy in Brother
Giảm đến 300.000đ khi mua bảo hành (rơi vỡ + vào nước) kèm máy Xem chi tiết
Tặng PMH 100.000đ mua Microsoft 365 Personal/Family/Home & Student khi mua Online đến 30/09
Tặng thêm 1 năm bảo hành chính hãng Acer Xem chi tiết","1 đánh giá
|
0 Hỏi & đáp"
Laptop ASUS VivoBook S533EQ BN338T i5 1135G7/8GB/512GB SSD/MX350 2GB/Win10 (No.00754748),22.999.000₫,,"15.6"", 1920 x 1080 Pixel, IPS, 60 Hz, 300 nits, Anti-glare LED-backlit
Intel Core i5-1135G7
8 GB, DDR4, 3200 MHz
SSD 512 GB
GeForce MX350 2GB DDR5","Tặng PMH 200.000đ mua máy in Brother
Giảm đến 300.000đ khi mua bảo hành (rơi vỡ + vào nước) kèm máy Xem chi tiết
Tặng PMH 100.000đ mua Microsoft 365 Personal/Family/Home & Student khi mua Online đến 30/09","1 đánh giá
|
0 Hỏi & đáp"
U,n,k,n,o,w,n
"MacBook Pro 13"" 2020 Touch Bar M1 256GB (No.00725100)",32.999.000₫,"256GB
32.999.000₫
512GB
37.999.000₫","13.3"", 2560 x 1600 Pixel, IPS, IPS LCD LED Backlit, True Tone
Apple M1
8 GB, LPDDR4
SSD 256 GB
Apple M1","Đặt cấu hình tùy chọn Xem chi tiết
Tặng gói iCloud 50GB miễn phí 3 tháng Xem chi tiết
Mua kèm Apple Care tăng thêm 2 năm bảo hành chính hãng Xem chi tiết
Giảm đến 300.000đ khi mua bảo hành (rơi vỡ + vào nước) kèm máy Xem chi tiết
Tặng PMH 100.000đ mua Microsoft 365 Personal/Family/Home & Student khi mua Online đến 30/09
Giảm ngay 10% Magic Mouse 2 khi mua kèm MacBook
Tặng Balo sành điệu","7 đánh giá
|
0 Hỏi & đáp"
U,n,k,n,o,w,n
Laptop Asus Vivobook X515EA EJ1046T i5 1135G7/8GB/512GB SSD/Win10 (No.00768726),17.899.000₫,,"15.6"", 1920 x 1080 Pixel, TN, 60 Hz, 200 nits, Anti-glare LED-backlit
Intel Core i5-1135G7
8 GB, DDR4, 3200 MHz
SSD 512 GB
Intel Iris Xe Graphics","Tặng PMH 200.000đ mua máy in Brother
Giảm đến 300.000đ khi mua bảo hành (rơi vỡ + vào nước) kèm máy Xem chi tiết
Tặng PMH 100.000đ mua Microsoft 365 Personal/Family/Home & Student khi mua Online đến 30/09","1 đánh giá
|
0 Hỏi & đáp"
"Laptop MSI Modern 14 B11MO 681VN i5 1155G7/8GB/512GB/14""FHD/Win 10 (No.00770716)",19.199.000₫,,"14.0"", 1920 x 1080 Pixel, IPS, 60 Hz, IPS LCD
Intel Core i5-1155G7
8 GB, DDR4, 3200 MHz
SSD 512 GB
Intel Iris Xe Graphics","Tặng PMH 200.000đ mua máy in Brother
Giảm đến 300.000đ khi mua bảo hành (rơi vỡ + vào nước) kèm máy Xem chi tiết
Tặng PMH 100.000đ mua Microsoft 365 Personal/Family/Home & Student khi mua Online đến 30/09","3 đánh giá
|
0 Hỏi & đáp"
U,n,k,n,o,w,n
Laptop Asus ROG Gaming G513IH-HN015T R7 4800H/8GB/512GB SSD/GTX1650 4GB/Win10 (No.00771100),23.499.000₫,,"15.6"", 1920 x 1080 Pixel, IPS, 144 Hz, 250 nits, Anti-glare LED-backlit
AMD Ryzen 7-4800H
8 GB, DDR4, 3200 MHz
SSD 512 GB
GeForce GTX 1650 4GB","Tặng PMH 200.000đ mua máy in Brother
Giảm đến 300.000đ khi mua bảo hành (rơi vỡ + vào nước) kèm máy Xem chi tiết
Tặng PMH 100.000đ mua Microsoft 365 Personal/Family/Home & Student khi mua Online đến 30/09
Microsoft Office tặng PMH 300.000đ khi mua kèm Laptop Chip AMD","2 đánh giá
|
0 Hỏi & đáp"
Laptop Acer Predator Gaming PH315 54 78W5 i7 11800H/8GB/512GB SSD/RTX 3050Ti 4GB/Win10 (No.00768727),33.999.000₫,,"15.6"", 1920 x 1080 Pixel, IPS, 144 Hz, Acer ComfyView Anti-glare LED-backlit
Intel Core i7-11800H
8 GB, DDR4, 3200 MHz
SSD 512 GB
NVIDIA GeForce RTX 3050Ti 4GB","Tặng PMH 200.000đ mua máy in Brother
Giảm đến 300.000đ khi mua bảo hành (rơi vỡ + vào nước) kèm máy Xem chi tiết
Tặng PMH 100.000đ mua Microsoft 365 Personal/Family/Home & Student khi mua Online đến 30/09
Tặng thêm 1 năm bảo hành chính hãng Acer Xem chi tiết","1 đánh giá
|
0 Hỏi & đáp"
"Laptop MSI Gaming GF63 10SC 255VN i5 10300H/8GB/512GB/GTX 1650 4GB/15.6""FHD/Win10 (No.00749305)",20.999.000₫,,"15.6"", 1920 x 1080 Pixel, IPS, 144 Hz, 300 nits, IPS LCD LED Backlit, True Tone
Intel Core i5-10300H
8 GB, DDR4, 3200 MHz
SSD 512 GB
NVIDIA® GeForce® GTX 1650 Max Q- 4GB","Tặng PMH 200.000đ mua máy in Brother
Giảm đến 300.000đ khi mua bảo hành (rơi vỡ + vào nước) kèm máy Xem chi tiết
Tặng PMH 100.000đ mua Microsoft 365 Personal/Family/Home & Student khi mua Online đến 30/09","2 đánh giá
|
0 Hỏi & đáp"
"Laptop Asus Zenbook Flip UX363EA-HP130T i5 1135G7/8GB/512GB SSD/13.3"" OLED FHD/Win10 (No.00732187)",27.999.000₫,,"13.3"", 1920 x 1080 Pixel, OLED, 60 Hz, 400 nits, LED-backlit
Intel Core i5-1135G7
8 GB, LPDDR4X, 4266 MHz
SSD 512 GB
Intel Iris Xe Graphics","Tặng PMH 200.000đ mua máy in Brother
Giảm đến 300.000đ khi mua bảo hành (rơi vỡ + vào nước) kèm máy Xem chi tiết
Tặng PMH 100.000đ mua Microsoft 365 Personal/Family/Home & Student khi mua Online đến 30/09","6 đánh giá
|
0 Hỏi & đáp"
Laptop Acer Nitro Gaming AN515 56 51N4 i5 11300H/8GB/512GB SSD/Nvidia GTX1650 4GB/Win10 (No.00748426),22.319.000₫,,"15.6"", 1920 x 1080 Pixel, TFT IPS, 144 Hz, Acer ComfyView LED-backlit
Intel Core i5-11300H
8 GB, 3200 MHz
SSD 512 GB
GeForce GTX 1650 4GB","Tặng PMH 200.000đ mua máy in Brother
Giảm đến 300.000đ khi mua bảo hành (rơi vỡ + vào nước) kèm máy Xem chi tiết
Tặng PMH 100.000đ mua Microsoft 365 Personal/Family/Home & Student khi mua Online đến 30/09
Tặng thêm 1 năm bảo hành chính hãng Acer Xem chi tiết","2 đánh giá
|
815 Hỏi & đáp"
U,n,k,n,o,w,n
Laptop MSI Gaming GF75 Thin 10SCXR 013VN i7 10750H/8GB/512GB/17.3FHD/GTX1650 4Gb/Win 10 (No.00750388),23.499.000₫,,"17.3"", 1920 x 1080 Pixel, IPS, 144 Hz, 250 nits
Intel Core i7-10750H
8 GB, DDR4, 3200 MHz
SSD 512 GB
NVIDIA® GeForce® GTX1650 4GB","Tặng PMH 200.000đ mua máy in Brother
Giảm đến 300.000đ khi mua bảo hành (rơi vỡ + vào nước) kèm máy Xem chi tiết
Tặng PMH 100.000đ mua Microsoft 365 Personal/Family/Home & Student khi mua Online đến 30/09","1 đánh giá
|
411 Hỏi & đáp"
Laptop Dell Gaming G15 5515 R7 5800H/16G/512G/RTX 3050Ti 4GB/15.6FHD/Win 10+Office Home&Student (No.00772989),33.999.000₫,,"15.6"", 1920 x 1080 Pixel, WVA, 120 Hz, 250 nits, WVA Anti-glare LED Backlit Narrow Border
AMD Ryzen 7-5800H
16 GB, DDR4, 3200 MHz
SSD 512 GB
NVIDIA GeForce RTX 3050 Ti 4GB","Tặng PMH 200.000đ mua máy in Brother
Giảm đến 300.000đ khi mua bảo hành (rơi vỡ + vào nước) kèm máy Xem chi tiết
Tặng PMH 100.000đ mua Microsoft 365 Personal/Family/Home & Student khi mua Online đến 30/09","1 đánh giá
|
0 Hỏi & đáp"
"Laptop Dell Gaming G5 15 5505 R5 4600H/8GB/512GB/RX 5600M 6GB/15.6""FHD/Win 10 (No.00768328)",25.999.000₫,,"15.6"", 1920 x 1080 Pixel, WVA, 120 Hz, 220 nits, WVA Anti-glare LED Backlit Narrow Border
AMD Ryzen 5-4600H
8 GB, DDR4, 3200 MHz
SSD 512 GB
AMD Radeon Pro 5600M 4GB","Tặng PMH 200.000đ mua máy in Brother
Giảm đến 300.000đ khi mua bảo hành (rơi vỡ + vào nước) kèm máy Xem chi tiết
Tặng PMH 100.000đ mua Microsoft 365 Personal/Family/Home & Student khi mua Online đến 30/09
Microsoft Office tặng PMH 300.000đ khi mua kèm Laptop Chip AMD","1 đánh giá
|
0 Hỏi & đáp"
"Laptop HP Pavilion 14 dv0536TU i5 1135G7/8G/256G SSD/Iris Xe Graphics/14""FHD/Win 10 (No.00771116)",17.699.000₫,,"14.0"", 1920 x 1080 Pixel, IPS, 60 Hz, 250 nits, LED Backlit
Intel Core i5-1135G7
8 GB, DDR4, 3200 MHz
SSD 256 GB
Intel Iris Xe Graphics","Tặng PMH 200.000đ mua máy in Brother
Giảm đến 300.000đ khi mua bảo hành (rơi vỡ + vào nước) kèm máy Xem chi tiết
Tặng PMH 100.000đ mua Microsoft 365 Personal/Family/Home & Student khi mua Online đến 30/09","1 đánh giá
|
0 Hỏi & đáp"
U,n,k,n,o,w,n
"Laptop Microsoft Surface Pro 7 i5 1035G4/8GB/128GB SSD/12.3"" Touch/Win10 (No.00734878)",24.999.000₫,"128GB
24.999.000₫
256GB
29.199.000₫","12.3"", 2736 x 1824 Pixel, IPS Glossy, 60 Hz, 395 nits
Intel Core i5-1035G4
8 GB, LPDDR4X, 3733 MHz
SSD 128 GB
Intel Iris Plus Graphics","1 đổi 1 trong vòng 12 tháng Xem chi tiết
Tặng PMH 200.000đ mua máy in Brother
Giảm đến 300.000đ khi mua bảo hành (rơi vỡ + vào nước) kèm máy Xem chi tiết
Tặng PMH 100.000đ mua Microsoft 365 Personal/Family/Home & Student khi mua Online đến 30/09","1 đánh giá
|
76 Hỏi & đáp"
"Laptop HP Envy 13 ba1030TU i7 1165G7/8GB/512GB/13.3""FHD/Win 10 (No.00720806)",30.699.000₫,,"13.3"", 1920 x 1080 Pixel, IPS, 60 Hz, BrightView Micro-edge WLED-backlit
Intel Core i7-1165G7
8 GB, LPDDR4, 3200 MHz
SSD 512 GB
Card Onboard","Tặng PMH 200.000đ mua máy in Brother
Giảm đến 300.000đ khi mua bảo hành (rơi vỡ + vào nước) kèm máy Xem chi tiết
Tặng PMH 100.000đ mua Microsoft 365 Personal/Family/Home & Student khi mua Online đến 30/09","1 đánh giá
|
87 Hỏi & đáp"
U,n,k,n,o,w,n
U,n,k,n,o,w,n
Laptop MSI GF63 9SCSR-846VN i7 9750H/8GB/512GB SSD/GTX 1650Ti-4GB/Win10 (No.00725126),23.999.000₫,,"15.6"", 1920 x 1080 Pixel, IPS, 144 Hz, 250 nits, IPS LCD LED Backlit, True Tone
Intel Core i7-9750H
8 GB, DDR4, 2666 MHz
SSD 512 GB
GeForce GTX 1650 Ti 4GB","Tặng PMH 200.000đ mua máy in Brother
Giảm đến 300.000đ khi mua bảo hành (rơi vỡ + vào nước) kèm máy Xem chi tiết
Tặng PMH 100.000đ mua Microsoft 365 Personal/Family/Home & Student khi mua Online đến 30/09","1 đánh giá
|
0 Hỏi & đáp"
Laptop Asus Vivobook Flip TM420IA-EC227T R7 4700U/8GB/512GB SSD/14''FHD touch/Win10 (No.00772214),19.999.000₫,,"14.0"", 1920 x 1080 Pixel, IPS Glossy, 60 Hz, 250 nits, LED Backlit
AMD Ryzen 7-4700U
8 GB, DDR4, 3200 MHz
SSD 512 GB
AMD Radeon Graphics","Tặng PMH 200.000đ mua máy in Brother
Giảm đến 300.000đ khi mua bảo hành (rơi vỡ + vào nước) kèm máy Xem chi tiết
Tặng PMH 100.000đ mua Microsoft 365 Personal/Family/Home & Student khi mua Online đến 30/09
Microsoft Office tặng PMH 300.000đ khi mua kèm Laptop Chip AMD","1 đánh giá
|
78 Hỏi & đáp"
Laptop ASUS VivoBook S533EA BN293T i5 1135G7/8GB/512GB SSD/Win10 (No.00754749),20.599.000₫,,"15.6"", 1920 x 1080 Pixel, IPS, 60 Hz, 300 nits, Anti-glare LED-backlit
Intel Core i5-1135G7
8 GB, DDR4, 3200 MHz
SSD 512 GB
Intel Iris Xe Graphics","Tặng PMH 200.000đ mua máy in Brother
Giảm đến 300.000đ khi mua bảo hành (rơi vỡ + vào nước) kèm máy Xem chi tiết
Tặng PMH 100.000đ mua Microsoft 365 Personal/Family/Home & Student khi mua Online đến 30/09","2 đánh giá
|
253 Hỏi & đáp"
Laptop Lenovo Gaming 3 15IHU6 i7 11370H/ 8GB/512GB/RTX 3050 4GB/Win 10 (No.00771114),28.499.000₫,,"15.6"", 1920 x 1080 Pixel, IPS, 120 Hz, 250 nits, IPS LCD
Intel Core i7-11370H
8 GB, DDR4, 3200 MHz
SSD 512 GB
NVIDIA GeForce RTX 3050 4GB","Tặng PMH 200.000đ mua máy in Brother
Giảm đến 300.000đ khi mua bảo hành (rơi vỡ + vào nước) kèm máy Xem chi tiết
Tặng PMH 100.000đ mua Microsoft 365 Personal/Family/Home & Student khi mua Online đến 30/09","1 đánh giá
|
3 Hỏi & đáp"
"Laptop Avita Liber NS14A9-ABA R5 4500U/8GB/512GB/14""FHD/Win 10 (No.00769915)",17.999.000₫,,"14.0"", 1920 x 1080 Pixel, IPS, 60 Hz, 220 nits
AMD Ryzen 5-4500U
8 GB, LPDDR4X, 3200 MHz
SSD 512 GB
AMD Radeon RX Graphics","Tặng PMH 200.000đ mua máy in Brother
Giảm đến 300.000đ khi mua bảo hành (rơi vỡ + vào nước) kèm máy Xem chi tiết
Tặng PMH 100.000đ mua Microsoft 365 Personal/Family/Home & Student khi mua Online đến 30/09
Microsoft Office tặng PMH 300.000đ khi mua kèm Laptop Chip AMD","1 đánh giá
|
3 Hỏi & đáp"
"Laptop MSI Bravo 15 B5DD 060VN R5 5600H/8GB/512GB/RX5500M 4GB/15.6""FHD/Win 10 (No.00764752)",21.999.000₫,,"15.6"", 1920 x 1080 Pixel, IPS, 144 Hz, IPS LCD LED Backlit, True Tone
AMD Ryzen 5-5600H
8 GB, DDR4, 3200 MHz
SSD 512 GB
AMD Radeon RX 5500M 4GB","Tặng PMH 200.000đ mua máy in Brother
Giảm đến 300.000đ khi mua bảo hành (rơi vỡ + vào nước) kèm máy Xem chi tiết
Tặng PMH 100.000đ mua Microsoft 365 Personal/Family/Home & Student khi mua Online đến 30/09
Microsoft Office tặng PMH 300.000đ khi mua kèm Laptop Chip AMD","3 đánh giá
|
491 Hỏi & đáp"
U,n,k,n,o,w,n
U,n,k,n,o,w,n
"Laptop Gigabyte Gaming G5 GD i5 11400H/16GB/ 512GB/15.6""FHD/RTX3050 4GB/Win 10 (No.00773265)",26.990.000₫,,"15.6"", 1920 x 1080 Pixel, IPS, 144 Hz, 300 nits, Anti-glare LED-backlit
Intel Core i5-11400H
16 GB, DDR4, 3200 MHz
SSD 512 GB
NVIDIA GeForce RTX 3050 4GB","Tặng PMH 200.000đ mua máy in Brother
Giảm đến 300.000đ khi mua bảo hành (rơi vỡ + vào nước) kèm máy Xem chi tiết
Tặng PMH 100.000đ mua Microsoft 365 Personal/Family/Home & Student khi mua Online đến 30/09","1 đánh giá
|
0 Hỏi & đáp"
"Laptop Dell Vostro V3400 i3 1115G4/8GB/256GB/14.0""FHD/Win 10 (No.00730481)",15.599.000₫,,"14.0"", 1920 x 1080 Pixel, WVA, 60 Hz, 220 nits, WVA Anti-glare LED Backlit Narrow Border
Intel Core i3-1115G4
8 GB, DDR4, 2666 MHz
SSD 256 GB
Card Onboard","Tặng PMH 200.000đ mua máy in Brother
Giảm đến 300.000đ khi mua bảo hành (rơi vỡ + vào nước) kèm máy Xem chi tiết
Tặng PMH 100.000đ mua Microsoft 365 Personal/Family/Home & Student khi mua Online đến 30/09","1 đánh giá
|
343 Hỏi & đáp"
HP Envy x360 13 ay0069AU R7 4700U/8GB/256GB/13.3FHDTouch/Win 10+Office Home&Student (No.00706730),27.199.000₫,,"13.3"", 1920 x 1080 Pixels, IPS, 60 Hz, 300 nits, FHD Touch
AMD Ryzen 7-4700U
8 GB, DDR4, 3200 MHz
SSD 256 GB
AMD Radeon Graphics","Tặng PMH 200.000đ mua máy in Brother
Giảm đến 300.000đ khi mua bảo hành (rơi vỡ + vào nước) kèm máy Xem chi tiết
Tặng PMH 100.000đ mua Microsoft 365 Personal/Family/Home & Student khi mua Online đến 30/09
Microsoft Office tặng PMH 300.000đ khi mua kèm Laptop Chip AMD","1 đánh giá
|
86 Hỏi & đáp"
Laptop Lenovo Yoga Slim 7 14ITL05 i7 1165G7/16GB/512GB/14”FHD/Win 10 (No.00736611),29.199.000₫,,"14.0"", 1920 x 1080 Pixel, IPS, 60 Hz, 300 nits, IPS LCD LED Backlit, True Tone
Intel Core i7-1165G7
16 GB, DDR4, 3200 MHz
SSD 512 GB
Intel Iris Xe Graphics","Tặng PMH 200.000đ mua máy in Brother
Giảm đến 300.000đ khi mua bảo hành (rơi vỡ + vào nước) kèm máy Xem chi tiết
Tặng PMH 100.000đ mua Microsoft 365 Personal/Family/Home & Student khi mua Online đến 30/09","2 đánh giá
|
217 Hỏi & đáp"
Laptop Acer Aspire Gaming A715 41G R150 R7 3750H/8GB/512GB SSD/Win 10 (No.00717996),21.499.000₫,,"15.6"", 1920 x 1080 Pixel, IPS, 60 Hz, LED-backlit
AMD Ryzen 7-3750H
8 GB, DDR4, 2666 MHz
SSD 512 GB
GeForce GTX 1650 Ti 4GB","Tặng PMH 200.000đ mua máy in Brother
Giảm đến 300.000đ khi mua bảo hành (rơi vỡ + vào nước) kèm máy Xem chi tiết
Tặng PMH 100.000đ mua Microsoft 365 Personal/Family/Home & Student khi mua Online đến 30/09
Tặng thêm 1 năm bảo hành chính hãng Acer Xem chi tiết
Microsoft Office tặng PMH 300.000đ khi mua kèm Laptop Chip AMD","2 đánh giá
|
775 Hỏi & đáp"
U,n,k,n,o,w,n
"Laptop MSI Gaming GF65 10UE 228VN i7 10750H/16GB/512GB/RTX 3060 6GB/15.6""FHD_Win 10 (No.00750392)",32.499.000₫,,"15.6"", 1920 x 1080 Pixel, IPS, 144 Hz, 300 nits, IPS LCD
Intel Core i7-10750H
16 GB, DDR4, 3200 MHz
SSD 512 GB
GeForce RTX™ 3060 6GB GDDR6","Tặng PMH 200.000đ mua máy in Brother
Giảm đến 300.000đ khi mua bảo hành (rơi vỡ + vào nước) kèm máy Xem chi tiết
Tặng PMH 100.000đ mua Microsoft 365 Personal/Family/Home & Student khi mua Online đến 30/09","1 đánh giá
|
116 Hỏi & đáp"
U,n,k,n,o,w,n
U,n,k,n,o,w,n
"Laptop Avita Liber V14M UR i7 10510U/8GB/1TB SSD/14""FHD/Win 10 (No.00760889)",21.999.000₫,,"14.0"", 1920 x 1080 Pixel, IPS, 60 Hz, 220 nits
Intel Core i7-10510U
8 GB, DDR4, 2400 MHz
SSD 1 TB
Intel UHD Graphics 620","Tặng PMH 200.000đ mua máy in Brother
Giảm đến 300.000đ khi mua bảo hành (rơi vỡ + vào nước) kèm máy Xem chi tiết
Tặng PMH 100.000đ mua Microsoft 365 Personal/Family/Home & Student khi mua Online đến 30/09
Microsoft Office tặng PMH 300.000đ khi mua kèm Laptop Chip AMD","1 đánh giá
|
7 Hỏi & đáp"
U,n,k,n,o,w,n
Laptop HP ZBook Firefly 14 G8 i5 1135G7/16GB/512GB/14”FHD/Win 10 Pro (No.00772179),33.899.000₫,,"14.0"", 1920 x 1080 Pixel, IPS, 60 Hz, 250 nits, Anti-glare LED UWVA
Intel Core i5-1135G7
16 GB, DDR4, 3200 MHz
Intel Iris Xe Graphics","Tặng PMH 200.000đ mua máy in Brother
Giảm đến 300.000đ khi mua bảo hành (rơi vỡ + vào nước) kèm máy Xem chi tiết
Tặng PMH 100.000đ mua Microsoft 365 Personal/Family/Home & Student khi mua Online đến 30/09","1 đánh giá
|
0 Hỏi & đáp"
"Laptop HP 240 G8 i3 1005G1/4GB/256GB/14""HD/Win 10 (No.00756830)",12.699.000₫,,"14.0"", 1366 x 768 Pixel, 60 Hz, 250 nits, LED-backlit
Intel Core i3-1005G1
4 GB, DDR4, 3200 MHz
SSD 256 GB
Inteal UHD Graphics","Tặng PMH 200.000đ mua máy in Brother
Giảm đến 300.000đ khi mua bảo hành (rơi vỡ + vào nước) kèm máy Xem chi tiết
Tặng PMH 100.000đ mua Microsoft 365 Personal/Family/Home & Student khi mua Online đến 30/09","1 đánh giá
|
289 Hỏi & đáp"
"Laptop MSI Bravo 15 B5DD 028VN R7 5800H/8GB/512GB SSD/15.6""FHD/RX5500M 4Gb/Win10 (No.00760341)",24.999.000₫,,"15.6"", 1920 x 1080 Pixel, IPS, 144 Hz
AMD Ryzen 7-5800H
8 GB, DDR4, 3200 MHz
SSD 512 GB
AMD Radeon RX 5500M 4GB","Tặng PMH 200.000đ mua máy in Brother
Giảm đến 300.000đ khi mua bảo hành (rơi vỡ + vào nước) kèm máy Xem chi tiết
Tặng PMH 100.000đ mua Microsoft 365 Personal/Family/Home & Student khi mua Online đến 30/09
Microsoft Office tặng PMH 300.000đ khi mua kèm Laptop Chip AMD","3 đánh giá
|
142 Hỏi & đáp"
U,n,k,n,o,w,n
"Laptop Asus Vivobook S433EA-AM439T i5 1135G7/8GB/512GB SSD/14""FHD/Iris Xe/Win 10 (No.00738647)",19.999.000₫,,"14.0"", 1920 x 1080 Pixel, IPS, 60 Hz, 250 nits, Anti-glare LED-backlit
Intel Core i5-1135G7
8 GB, DDR4, 3200 MHz
SSD 512 GB
Intel Iris Xe Graphics","Tặng PMH 200.000đ mua máy in Brother
Giảm đến 300.000đ khi mua bảo hành (rơi vỡ + vào nước) kèm máy Xem chi tiết
Tặng PMH 100.000đ mua Microsoft 365 Personal/Family/Home & Student khi mua Online đến 30/09","5 đánh giá
|
162 Hỏi & đáp"
"Laptop Asus TUF Gaming FX506HCB-HN141T i7 11800H/8GB/512GB SSD/15.6"" FHD/Nvidia RTX3050 4GB/Win10 (No.00772153)",28.499.000₫,,"15.6"", 1920 x 1080 Pixel, IPS, 144 Hz, 250 nits, IPS LCD
Intel Core i7-11800H
8 GB, DDR4, 3200 MHz
SSD 512 GB
Nvidia Geforce RTX3050 4GB","Tặng PMH 200.000đ mua máy in Brother
Giảm đến 300.000đ khi mua bảo hành (rơi vỡ + vào nước) kèm máy Xem chi tiết
Tặng PMH 100.000đ mua Microsoft 365 Personal/Family/Home & Student khi mua Online đến 30/09
Tặng Balo Asus TUF Gaming Xem chi tiết","1 đánh giá
|
52 Hỏi & đáp"
U,n,k,n,o,w,n
U,n,k,n,o,w,n
"Laptop MSI GF63 Thin 10SCXR 052VN i7 10750H/8GB/512GB/15.6"" FHD/GTX1650 MaxQ 4GB/Win 10 (No.00744255)",22.309.000₫,,"15.6"", 1920 x 1080 Pixel, IPS, 60 Hz
Intel Core i7-10750H
8 GB, DDR4, 3200 MHz
SSD 512 GB
GeForce GTX 1650 MaxQ 4GB","Tặng PMH 200.000đ mua máy in Brother
Giảm đến 300.000đ khi mua bảo hành (rơi vỡ + vào nước) kèm máy Xem chi tiết
Tặng PMH 100.000đ mua Microsoft 365 Personal/Family/Home & Student khi mua Online đến 30/09
Tặng Balo Gaming MSI","6 đánh giá
|
391 Hỏi & đáp"
Laptop Asus Gaming Zephyrus GA401QEC-K2064T R9 5900HS/16GB/1TB SSD/RTX 3050Ti 4GB/Win10 (No.00772439),49.999.000₫,,"14.0"", 2560 x 1440 Pixel, IPS, 120 Hz, 300 nits, Anti-glare LED-backlit
AMD Ryzen 9-5900HX
16 GB, DDR4, 3200 MHz
SSD 1 TB
Nvidia Geforce RTX3050Ti 4GB","Tặng PMH 200.000đ mua máy in Brother
Giảm đến 300.000đ khi mua bảo hành (rơi vỡ + vào nước) kèm máy Xem chi tiết
Tặng PMH 100.000đ mua Microsoft 365 Personal/Family/Home & Student khi mua Online đến 30/09","1 đánh giá
|
0 Hỏi & đáp"
Laptop Asus Flip BR1100FKA-BP0737T N5100/4GB/128GB eMMc/11.6''HD Touch/Win10 (No.00771096),10.299.000₫,,"11.6"", 1366 x 768 Pixel, IPS, 60 Hz, 250 nits, Anti-glare LED-backlit
Intel Celeron N5100
4 GB, DDR4, 3200 MHz
eMMC 128GB
Intel UHD Graphics","Tặng PMH 200.000đ mua máy in Brother
Giảm đến 300.000đ khi mua bảo hành (rơi vỡ + vào nước) kèm máy Xem chi tiết
Tặng PMH 100.000đ mua Microsoft 365 Personal/Family/Home & Student khi mua Online đến 30/09","1 đánh giá
|
235 Hỏi & đáp"
"Laptop Dell Vostro V3405 R5 3500U/4GB/256GB/14""FHD/Win 10 (No.00725639)",15.799.000₫,,"14.0"", 1920 x 1080 Pixel, WVA, 60 Hz, 200 nits, Anti-glare LED-backlit
AMD Ryzen 5-3500U
4 GB, DDR4, 2400 MHz
SSD 256 GB
AMD Radeon Graphics Vega 8","Tặng PMH 200.000đ mua máy in Brother
Giảm đến 300.000đ khi mua bảo hành (rơi vỡ + vào nước) kèm máy Xem chi tiết
Tặng PMH 100.000đ mua Microsoft 365 Personal/Family/Home & Student khi mua Online đến 30/09
Microsoft Office tặng PMH 300.000đ khi mua kèm Laptop Chip AMD","1 đánh giá
|
510 Hỏi & đáp"
Laptop Lenovo Gaming Legion 5 i5 10300H/16GB/512GB/15.6”FHD/GTX 1650Ti 4GB/Win 10 (No.00769069),27.799.000₫,,"15.6"", 1920 x 1080 Pixel, IPS, 144 Hz, 300 nits, IPS LCD LED Backlit, True Tone
Intel Core i5-10300H
16 GB, DDR4, 3200 MHz
NVIDIA GeForce GTX 1650Ti 4GB","Tặng PMH 200.000đ mua máy in Brother
Giảm đến 300.000đ khi mua bảo hành (rơi vỡ + vào nước) kèm máy Xem chi tiết
Tặng PMH 100.000đ mua Microsoft 365 Personal/Family/Home & Student khi mua Online đến 30/09","1 đánh giá
|
91 Hỏi & đáp"
"Laptop Avita Liber NS14A9-ABAB R5 4500U/8GB/512GB/14""FHD/ Balo/Win 10 (No.00769918)",17.999.000₫,,"14.0"", 1920 x 1080 Pixel, IPS, 60 Hz, 220 nits
AMD Ryzen 5-4500U
8 GB, LPDDR4X, 3200 MHz
SSD 512 GB
AMD Radeon RX Graphics","Tặng PMH 200.000đ mua máy in Brother
Giảm đến 300.000đ khi mua bảo hành (rơi vỡ + vào nước) kèm máy Xem chi tiết
Tặng PMH 100.000đ mua Microsoft 365 Personal/Family/Home & Student khi mua Online đến 30/09
Tặng Balo Laptop kèm trong hộp máy
Microsoft Office tặng PMH 300.000đ khi mua kèm Laptop Chip AMD","1 đánh giá
|
0 Hỏi & đáp"
Laptop Dell Vostro V3405 R5 3500U/8GB/512GB/Win 10 (No.00725641),17.699.000₫,,"14.0"", 1920 x 1080 Pixel, 60 Hz, Anti-glare LED-backlit
AMD Ryzen 5-3500U
8 GB, DDR4, 2400 MHz
SSD 512 GB
AMD Radeon Graphics","Tặng PMH 200.000đ mua máy in Brother
Giảm đến 300.000đ khi mua bảo hành (rơi vỡ + vào nước) kèm máy Xem chi tiết
Tặng PMH 100.000đ mua Microsoft 365 Personal/Family/Home & Student khi mua Online đến 30/09
Microsoft Office tặng PMH 300.000đ khi mua kèm Laptop Chip AMD","1 đánh giá
|
0 Hỏi & đáp"
U,n,k,n,o,w,n
"Laptop Dell G5 15 5500 i7 10750H/8GB/512GB/GeForce GTX1660 Ti 6GB/15.6""FHD/Win 10 (No.00730482)",31.299.000₫,,"15.6"", 1920 x 1080 Pixel, WVA, 120 Hz, 250 nits, Anti-glare LED-backlit
Intel Core i7-10750H
8 GB, DDR4, 2933 MHz
SSD 512 GB
GeForce RTX 1660Ti 6GB","Tặng PMH 200.000đ mua máy in Brother
Giảm đến 300.000đ khi mua bảo hành (rơi vỡ + vào nước) kèm máy Xem chi tiết
Tặng PMH 100.000đ mua Microsoft 365 Personal/Family/Home & Student khi mua Online đến 30/09","1 đánh giá
|
52 Hỏi & đáp"
Laptop Asus Vivobook A515EP-BQ196T i7 1165G7/8GB/512GB SSD/ MX330 2GB/Win10 (No.00773094),23.499.000₫,,"15.6"", 1920 x 1080 Pixel, IPS, 60 Hz, 250 nits, Anti-glare LED-backlit
Intel Core i7-1165G7
8 GB, DDR4, 3200 MHz
SSD 512 GB
Nvidia Geforce MX330 2GB","Tặng PMH 200.000đ mua máy in Brother
Giảm đến 300.000đ khi mua bảo hành (rơi vỡ + vào nước) kèm máy Xem chi tiết
Tặng PMH 100.000đ mua Microsoft 365 Personal/Family/Home & Student khi mua Online đến 30/09","1 đánh giá
|
5 Hỏi & đáp"
"Laptop MSI Bravo 15 B5DD 027VN R5 5600H/8GB/512GB/15.6""FHD/RX5500M 4Gb/Win10 (No.00760340)",21.999.000₫,,"15.6"", 1920 x 1080 Pixel, IPS, 144 Hz
AMD Ryzen 5-5600H
8 GB, DDR4, 3200 MHz
SSD 512 GB
AMD Radeon RX 5000M 4GB","Tặng PMH 200.000đ mua máy in Brother
Giảm đến 300.000đ khi mua bảo hành (rơi vỡ + vào nước) kèm máy Xem chi tiết
Tặng PMH 100.000đ mua Microsoft 365 Personal/Family/Home & Student khi mua Online đến 30/09
Microsoft Office tặng PMH 300.000đ khi mua kèm Laptop Chip AMD","1 đánh giá
|
134 Hỏi & đáp"
U,n,k,n,o,w,n
"Laptop Dell Vostro V3500 i5 1135G7/8GB/256GB/15.6""FHD/Win 10 (No.00741321)",18.999.000₫,,"15.6"", 1920 x 1080 Pixel, TFT, 60 Hz, WVA Anti-glare LED Backlit Narrow Border
Intel Core i5-1135G7
8 GB, DDR4, 3200 MHz
SSD 256 GB
Intel Iris Xe Graphics","Tặng PMH 200.000đ mua máy in Brother
Giảm đến 300.000đ khi mua bảo hành (rơi vỡ + vào nước) kèm máy Xem chi tiết
Tặng PMH 100.000đ mua Microsoft 365 Personal/Family/Home & Student khi mua Online đến 30/09","1 đánh giá
|
262 Hỏi & đáp"
"Laptop Dell Vostro V5502A i7 1165G7/16GB/512GB/GF MX330 2GB/15.6""FHD/Win 10 (No.00730255)",27.999.000₫,,"15.6"", 1920 x 1080 Pixel, WVA, 60 Hz, WVA Anti-glare LED Backlit Narrow Border
Intel Core i7-1165G7
16 GB, DDR4, 3200 MHz
SSD 512 GB
GeForce MX230 2GB","Tặng PMH 200.000đ mua máy in Brother
Giảm đến 300.000đ khi mua bảo hành (rơi vỡ + vào nước) kèm máy Xem chi tiết
Tặng PMH 100.000đ mua Microsoft 365 Personal/Family/Home & Student khi mua Online đến 30/09","2 đánh giá
|
217 Hỏi & đáp"
Laptop Asus TUF Gaming FX506LH HN002T i5 10300H/8GB/512GB SSD/GTX1650 4GB/Win10 (No.00741406),21.999.000₫,,"15.6"", 1920 x 1080 Pixel, IPS, 144 Hz, 250 nits, IPS LCD LED Backlit, True Tone
Intel Core i5-10300H
8 GB, DDR4, 2933 MHz
SSD 512 GB
GeForce GTX 1650 4GB-GDDR6","Tặng PMH 200.000đ mua máy in Brother
Giảm đến 300.000đ khi mua bảo hành (rơi vỡ + vào nước) kèm máy Xem chi tiết
Tặng PMH 100.000đ mua Microsoft 365 Personal/Family/Home & Student khi mua Online đến 30/09","190 đánh giá
|
1235 Hỏi & đáp"
"Laptop MSI Prestige 14EVO A11M-089VN i7 1185G7/16GB/512GB SSD/14""FHD/UMA/Win10 (No.00733803)",29.999.000₫,,"14.0"", 1920 x 1080 Pixel, IPS, 60 Hz, 300 nits
Intel Core i7-1185G7
16 GB, LPDDR4
SSD 512 GB
Intel Iris Xe Graphics","Tặng PMH 200.000đ mua máy in Brother
Giảm đến 300.000đ khi mua bảo hành (rơi vỡ + vào nước) kèm máy Xem chi tiết
Tặng PMH 100.000đ mua Microsoft 365 Personal/Family/Home & Student khi mua Online đến 30/09","1 đánh giá
|
27 Hỏi & đáp"
"Laptop HP 240 G8 i3 1005G1/8GB/512GB/14""HD/Win 10 (No.00755721)",14.299.000₫,,"14.0"", 1366 x 768 Pixel, IPS, 60 Hz, 250 nits, Anti-glare Micro-edge WLED-backlit
Intel Core i3-1005G1
8 GB, DDR4, 2666 MHz
SSD 512 GB
Intel UHD Graphics 600","Tặng PMH 200.000đ mua máy in Brother
Giảm đến 300.000đ khi mua bảo hành (rơi vỡ + vào nước) kèm máy Xem chi tiết
Tặng PMH 100.000đ mua Microsoft 365 Personal/Family/Home & Student khi mua Online đến 30/09","4 đánh giá
|
795 Hỏi & đáp"
U,n,k,n,o,w,n
Laptop Lenovo ThinkPad X1 Nano i5 1130G7/16GB/512GB/13”2K 450N SRGB/Win 10 (No.00756318),49.999.000₫,,"13.0"", IPS, 60 Hz, Anti-glare LED-backlit
Intel Core i5-1130G7
16 GB, LPDDR4X, 4266 MHz
Intel Iris Xe Graphics","Tặng PMH 200.000đ mua máy in Brother
Giảm đến 300.000đ khi mua bảo hành (rơi vỡ + vào nước) kèm máy Xem chi tiết
Tặng PMH 100.000đ mua Microsoft 365 Personal/Family/Home & Student khi mua Online đến 30/09","1 đánh giá
|
0 Hỏi & đáp"
U,n,k,n,o,w,n
"Laptop AVITA Liber V14B CG i7 10510U/8GB/1TB SSD/14""FHD/Win 10 (No.00752723)",21.999.000₫,,"14.0"", 1920 x 1080 Pixel, IPS, 60 Hz, 220 nits
Intel Core i7-10510U
8 GB, DDR4, 2400 MHz
SSD 1 TB
Intel UHD Graphics 620","Tặng PMH 200.000đ mua máy in Brother
Giảm đến 300.000đ khi mua bảo hành (rơi vỡ + vào nước) kèm máy Xem chi tiết
Tặng PMH 100.000đ mua Microsoft 365 Personal/Family/Home & Student khi mua Online đến 30/09
Microsoft Office tặng PMH 300.000đ khi mua kèm Laptop Chip AMD","1 đánh giá
|
0 Hỏi & đáp"
Laptop Asus Vivobook Flip TP470EA EC027T i3 1115G4/4GB/512GB SSD/Win10 (No.00760339),16.199.000₫,,"14.0"", 1920 x 1080 Pixel, IPS, 60 Hz, 250 nits, LED-backlit
Intel Core i3-1115G4
4 GB, LPDDR4, 4266 MHz
SSD 512 GB
Intel UHD Graphics","Tặng PMH 200.000đ mua máy in Brother
Giảm đến 300.000đ khi mua bảo hành (rơi vỡ + vào nước) kèm máy Xem chi tiết
Tặng PMH 100.000đ mua Microsoft 365 Personal/Family/Home & Student khi mua Online đến 30/09","1 đánh giá
|
181 Hỏi & đáp"
Laptop ASUS Gaming TUF FX516PE HN005T i7 11370H/8GB/512GB SSD/RTX 3050Ti_4GB/Win10 (No.00752190),29.999.000₫,,"15.6"", 1920 x 1080 Pixel, IPS, 144 Hz, 250 nits, Anti-glare LED-backlit
Intel Core i7-11370H
8 GB, DDR4, 3200 MHz
SSD 512 GB
Nvidia GeForce RTX3050Ti_4GB","Tặng PMH 200.000đ mua máy in Brother
Giảm đến 300.000đ khi mua bảo hành (rơi vỡ + vào nước) kèm máy Xem chi tiết
Tặng PMH 100.000đ mua Microsoft 365 Personal/Family/Home & Student khi mua Online đến 30/09
Tặng Balo Asus TUF Gaming Xem chi tiết","2 đánh giá
|
93 Hỏi & đáp"
"Laptop Dell Gaming G5 15 i7 10750H/16GB/1TB SSD/15.6""FHD/NV RTX2070 8GB/Win 10 (No.00767205)",39.999.000₫,,"15.6"", 1920 x 1080 Pixel, WVA, 300 Hz, 300 nits, WVA Anti-glare LED Backlit Narrow Border
Intel Core i7-10750H
16 GB, DDR4, 2933 MHz
SSD 1 TB
NVIDIA GeForce RTX 2070 8GB","Tặng PMH 200.000đ mua máy in Brother
Giảm đến 300.000đ khi mua bảo hành (rơi vỡ + vào nước) kèm máy Xem chi tiết
Tặng PMH 100.000đ mua Microsoft 365 Personal/Family/Home & Student khi mua Online đến 30/09","1 đánh giá
|
0 Hỏi & đáp"
"Laptop Acer Aspire 3 A315 56 37DV i3 1005G1/4GB/256GB/15.6""FHD/Win 10 (No.00679154)",12.199.000₫,,"15.6"", 1920 x 1080 Pixel, 60 Hz, LED-backlit
Intel Core i3-1005G1
4 GB, DDR4, 2400 MHz
SSD 256 GB
Intel UHD Graphics","Tặng PMH 200.000đ mua máy in Brother
Giảm đến 300.000đ khi mua bảo hành (rơi vỡ + vào nước) kèm máy Xem chi tiết
Tặng PMH 100.000đ mua Microsoft 365 Personal/Family/Home & Student khi mua Online đến 30/09","38 đánh giá
|
1146 Hỏi & đáp"
Laptop Acer Swift 3 SF313 53 518Y i5 1135G7/16GB/512GB SSD/13.5'' QHD/Win10 (No.00765106),22.999.000₫,,"13.5"", 2256 x 1504 Pixel, IPS, 60 Hz, Acer CineCrystalTM LED-backlit TFT LCD
Intel Core i5-1135G7
16 GB, LPDDR4X, 4266 MHz
SSD 512 GB
Intel Iris Xe Graphics","Tặng PMH 200.000đ mua máy in Brother
Giảm đến 300.000đ khi mua bảo hành (rơi vỡ + vào nước) kèm máy Xem chi tiết
Tặng PMH 100.000đ mua Microsoft 365 Personal/Family/Home & Student khi mua Online đến 30/09","2 đánh giá
|
180 Hỏi & đáp"
"Laptop Lenovo IdeaPad Slim 5 14ALC05 R7 5700U/8GB/512GB/14""FHD/Win 10 (No.00770797)",18.999.000₫,,"14.0"", 1920 x 1080 Pixel, IPS, 60 Hz, 300 nits, IPS LCD LED Backlit, True Tone
AMD Ryzen 7-5700U
8 GB, DDR4, 3200 MHz
SSD 512 GB
AMD Radeon Graphics","Tặng PMH 200.000đ mua máy in Brother
Giảm đến 300.000đ khi mua bảo hành (rơi vỡ + vào nước) kèm máy Xem chi tiết
Tặng PMH 100.000đ mua Microsoft 365 Personal/Family/Home & Student khi mua Online đến 30/09
Microsoft Office tặng PMH 300.000đ khi mua kèm Laptop Chip AMD","1 đánh giá
|
152 Hỏi & đáp"
U,n,k,n,o,w,n
"Laptop MSI Modern 15 A11MU 678VN i5 1155G7/8GB/512GB/15.6""FHD/Win 10 (No.00772097)",19.999.000₫,,"15.6"", 1920 x 1080 Pixel, IPS, 60 Hz, 300 nits, IPS LCD LED Backlit, True Tone
Intel Core i5-1155G7
8 GB, DDR4, 3200 MHz
SSD 512 GB
Intel Iris Graphics","Tặng PMH 200.000đ mua máy in Brother
Giảm đến 300.000đ khi mua bảo hành (rơi vỡ + vào nước) kèm máy Xem chi tiết
Tặng PMH 100.000đ mua Microsoft 365 Personal/Family/Home & Student khi mua Online đến 30/09","1 đánh giá
|
8 Hỏi & đáp"
Laptop Asus Gaming TUF FX506HC HN002T i5 11400H/8GB/512GB SSD/RTX 3050_4GB/Win10 (No.00760020),25.999.000₫,,"15.6"", 1920 x 1080 Pixel, IPS, 144 Hz, 250 nits, Anti-glare LED-backlit
Intel Core i5-11400H
8 GB, DDR4, 2933 MHz
SSD 512 GB
NVIDIA® GeForce® RTX 3050 4GB-GDDR6","Tặng PMH 200.000đ mua máy in Brother
Giảm đến 300.000đ khi mua bảo hành (rơi vỡ + vào nước) kèm máy Xem chi tiết
Tặng PMH 100.000đ mua Microsoft 365 Personal/Family/Home & Student khi mua Online đến 30/09
Tặng Balo Asus TUF Gaming Xem chi tiết","3 đánh giá
|
254 Hỏi & đáp"
Laptop Lenovo Gaming 3 15IHU6 i5 11300H/8GB/512GB/RTX 3050 4GB/Win 10 (No.00771115),24.999.000₫,,"15.6"", 1920 x 1080 Pixel, IPS, 120 Hz, 250 nits, IPS LCD
Intel Core i5-11300H
8 GB, DDR4, 3200 MHz
SSD 512 GB
NVIDIA GeForce RTX 3050 4GB","Tặng PMH 200.000đ mua máy in Brother
Giảm đến 300.000đ khi mua bảo hành (rơi vỡ + vào nước) kèm máy Xem chi tiết
Tặng PMH 100.000đ mua Microsoft 365 Personal/Family/Home & Student khi mua Online đến 30/09","1 đánh giá
|
56 Hỏi & đáp"
"Laptop Microsoft Surface Pro 7 i5 1035G4/8GB/128GB SSD/ 12.3"" Touch/Bàn phím/Win10 (No.00734879)",27.499.000₫,"128GB
27.499.000₫
256GB
28.799.000₫","12.3"", 2736 x 1824 Pixel, IPS Glossy, 60 Hz, 395 nits
Intel Core i5-1035G4
8 GB, LPDDR4X, 3733 MHz
SSD 128 GB
Intel Iris Plus Graphics","1 đổi 1 trong vòng 12 tháng Xem chi tiết
Tặng PMH 200.000đ mua máy in Brother
Giảm đến 300.000đ khi mua bảo hành (rơi vỡ + vào nước) kèm máy Xem chi tiết
Tặng PMH 100.000đ mua Microsoft 365 Personal/Family/Home & Student khi mua Online đến 30/09","1 đánh giá
|
63 Hỏi & đáp"
"Laptop Dell Gaming G7 15 7500 i7 10750H/8GB/512GB/15.6""FHD/GTX1660Ti 6GB/Win 10 (No.00761228)",38.999.000₫,,"15.6"", 1920 x 1080 Pixel, WVA, 144 Hz, 300 nits, WVA Anti-glare LED Backlit Narrow Border
Intel Core i7-10750H
8 GB, DDR4, 2933 MHz
SSD 512 GB
NVIDIA® GeForce® GTX 1660Ti 6GB","Tặng PMH 200.000đ mua máy in Brother
Giảm đến 300.000đ khi mua bảo hành (rơi vỡ + vào nước) kèm máy Xem chi tiết
Tặng PMH 100.000đ mua Microsoft 365 Personal/Family/Home & Student khi mua Online đến 30/09","1 đánh giá
|
0 Hỏi & đáp"
"Laptop Dell Vostro V3510 i5 1135G7/8GB/512GB/15.6""FHD/NVIDIA MX350 2GB/Win 10 (No.00773001)",22.999.000₫,,"15.6"", 1920 x 1080 Pixel, WVA, 60 Hz, 220 nits, WVA Anti-glare LED Backlit Narrow Border
Intel Core i5-1135G7
8 GB, DDR4, 3200 MHz
SSD 512 GB
NVIDIA GeForce MX350 2GB","Tặng PMH 200.000đ mua máy in Brother
Giảm đến 300.000đ khi mua bảo hành (rơi vỡ + vào nước) kèm máy Xem chi tiết
Tặng PMH 100.000đ mua Microsoft 365 Personal/Family/Home & Student khi mua Online đến 30/09","1 đánh giá
|
9 Hỏi & đáp"
U,n,k,n,o,w,n
U,n,k,n,o,w,n
Laptop Acer Aspire 3 A315 56 502X i5 (1035G1 4GB/256GB/15.6FHD/Win 10) (No.00745025),13.999.000₫,,"15.6"", 1920 x 1080 Pixel, IPS, 60 Hz, 200 nits, Acer ComfyView LED-backlit
Intel Core i5-1035G1
4 GB, DDR4, 2400 MHz
SSD 256 GB
Intel UHD Graphics","Tặng PMH 200.000đ mua máy in Brother
Giảm đến 300.000đ khi mua bảo hành (rơi vỡ + vào nước) kèm máy Xem chi tiết
Tặng PMH 100.000đ mua Microsoft 365 Personal/Family/Home & Student khi mua Online đến 30/09","2 đánh giá
|
1058 Hỏi & đáp"
Laptop Asus Vivobook E210KA GJ031T N4500/4GB/128GB eMMC/Win10 (No.00768326),7.799.000₫,,"11.6"", 1366 x 768 Pixel, TN, 200 nits, BrightView LED Backlit
Intel Celeron N4500
4 GB, DDR4, 2400 MHz
eMMC 128GB
Intel UHD Graphics 600","Tặng Chuột không dây Zadez M390
Tặng PMH 200.000đ mua máy in Brother
Giảm đến 300.000đ khi mua bảo hành (rơi vỡ + vào nước) kèm máy Xem chi tiết
Tặng PMH 100.000đ mua Microsoft 365 Personal/Family/Home & Student khi mua Online đến 30/09
Thu cũ đổi mới - Trợ giá ngay 15% Xem chi tiết","3 đánh giá
|
0 Hỏi & đáp"
U,n,k,n,o,w,n
"Laptop MSI Modern 14 B5M R5 5500U/8GB/512GB/AMD Radeon Graphics/14""FHD/Win 10 (No.00772986)",17.299.000₫,,"14.0"", 1920 x 1080 Pixel, IPS, 60 Hz, 250 nits, Anti-glare LED-backlit
AMD Ryzen 5-5500U
8 GB, DDR4, 3200 MHz
SSD 512 GB
AMD Radeon Graphics","Ưu đãi dành cho Học sinh Sinh viên : Giảm ngay 3% + Tặng thêm 1 năm bảo hành. Xem chi tiết
Tặng PMH 200.000đ mua máy in Brother
Giảm đến 300.000đ khi mua bảo hành (rơi vỡ + vào nước) kèm máy Xem chi tiết
Tặng PMH 100.000đ mua Microsoft 365 Personal/Family/Home & Student khi mua Online đến 30/09","1 đánh giá
|
6 Hỏi & đáp"
"Laptop HP 15s fq2561TU i5 1135G7/8GB/512GB/Iris Xe/15.6""HD/Win 10 (No.00768329)",16.999.000₫,,"15.6"", 1366 x 768 Pixel, IPS, 250 nits
Intel Core i5-1135G7
8 GB, DDR4, 3200 MHz
SSD 512 GB
Intel Iris Xe Graphics","Tặng PMH 200.000đ mua máy in Brother
Giảm đến 300.000đ khi mua bảo hành (rơi vỡ + vào nước) kèm máy Xem chi tiết
Tặng PMH 100.000đ mua Microsoft 365 Personal/Family/Home & Student khi mua Online đến 30/09","1 đánh giá
|
136 Hỏi & đáp"
"Laptop MSI Modern 14 B11MO 680VN i5 1155G7/8GB/512GB/14""FHD/Win 10 (No.00770715)",19.199.000₫,,"14.0"", 1920 x 1080 Pixel, IPS, 60 Hz, IPS LCD
Intel Core i5-1155G7
8 GB, DDR4, 3200 MHz
SSD 512 GB
Intel UHD Graphics","Tặng PMH 200.000đ mua máy in Brother
Giảm đến 300.000đ khi mua bảo hành (rơi vỡ + vào nước) kèm máy Xem chi tiết
Tặng PMH 100.000đ mua Microsoft 365 Personal/Family/Home & Student khi mua Online đến 30/09","1 đánh giá
|
0 Hỏi & đáp"
Asus TUF Gaming FX706HC HX003T i5 11400H/8GB/512GB SSD/RTX 3050 4GB/Win10 (No.00765682),26.999.000₫,,"17.3"", 1920 x 1080 Pixel, IPS, 144 Hz, 250 nits, Anti-glare LED-backlit
Intel Core i5-11400H
8 GB, DDR4, 3200 MHz
SSD 512 GB
Nvidia Geforce RTX 3050 4GB","Tặng PMH 200.000đ mua máy in Brother
Giảm đến 300.000đ khi mua bảo hành (rơi vỡ + vào nước) kèm máy Xem chi tiết
Tặng PMH 100.000đ mua Microsoft 365 Personal/Family/Home & Student khi mua Online đến 30/09
Tặng Balo Asus TUF Gaming Xem chi tiết","1 đánh giá
|
97 Hỏi & đáp"
Laptop MSI Stealth 15M A11SDK 061VN i7 1185G7/16GB/512GB/GTX1660Ti MaxQ 6GB/Win 10 (No.00742616),34.490.000₫,,"15.6"", 1920 x 1080 Pixel, 144 Hz, IPS LCD LED Backlit, True Tone
Intel Core i7-1185G7
DDR4, 2666 MHz
SSD 512 GB
GeForce GTX 1660Ti Max- Q 6GB","Ưu đãi dành cho Học sinh Sinh viên : Giảm ngay 3% + Tặng thêm 1 năm bảo hành. Xem chi tiết
Tặng PMH 200.000đ mua máy in Brother
Giảm đến 300.000đ khi mua bảo hành (rơi vỡ + vào nước) kèm máy Xem chi tiết
Tặng PMH 100.000đ mua Microsoft 365 Personal/Family/Home & Student khi mua Online đến 30/09","1 đánh giá
|
0 Hỏi & đáp"
U,n,k,n,o,w,n
